﻿<?xml version="1.0" encoding="utf-8"?>
<deployment>
  <id>7fa570a1-a4a6-4b71-ab67-4fea809956e1</id>
  <author>N/A</author>
  <deployer>OneDeploy</deployer>
  <authorEmail>N/A</authorEmail>
  <message>OneDeploy</message>
  <progress></progress>
  <status>Success</status>
  <statusText></statusText>
  <lastSuccessEndTime>2025-09-16T05:34:55.9386337Z</lastSuccessEndTime>
  <receivedTime>2025-09-16T05:34:10.247599Z</receivedTime>
  <startTime>2025-09-16T05:34:11.6290167Z</startTime>
  <endTime>2025-09-16T05:34:55.9386337Z</endTime>
  <complete>True</complete>
  <is_temp>False</is_temp>
  <is_readonly>True</is_readonly>
  <buildSummary />
</deployment>