﻿<?xml version="1.0" encoding="utf-8"?>
<deployment>
  <id>5cc3ea1f-7e6f-4cd9-955a-56e44330f593</id>
  <author>N/A</author>
  <deployer>OneDeploy</deployer>
  <authorEmail>N/A</authorEmail>
  <message>OneDeploy</message>
  <progress></progress>
  <status>Success</status>
  <statusText></statusText>
  <lastSuccessEndTime>2025-09-15T13:07:05.0172387Z</lastSuccessEndTime>
  <receivedTime>2025-09-15T13:06:13.0149056Z</receivedTime>
  <startTime>2025-09-15T13:06:14.3918231Z</startTime>
  <endTime>2025-09-15T13:07:05.0172387Z</endTime>
  <complete>True</complete>
  <is_temp>False</is_temp>
  <is_readonly>True</is_readonly>
  <buildSummary />
</deployment>