<step title="Incoming Request" date="2025-09-15T12:05:59.303" instance="b45a72" url="/api/publish?type=zip" method="POST" type="request" pid="821,1,5" Accept="*/*" Host="wonder-ceo-web.scm.azurewebsites.net" User-Agent="AZURECLI/2.77.0 (DEB)" Accept-Encoding="gzip, deflate" Authorization="Bea..." Cache-Control="no-cache" Content-Type="application/octet-stream" Content-Length="9094726" x-ms-client-request-id="4a8b4ae8-922c-11f0-86df-00155db73234" x-ms-artifact-checksum="bc97b30f8106d26f8743d3309968511176f22463efb9046af9798005866eeec0" X-ARR-LOG-ID="4a8b4ae8-922c-11f0-86df-00155db73234" CLIENT-IP="199.203.90.233:54648" X-SITE-DEPLOYMENT-ID="wonder-ceo-web" WAS-DEFAULT-HOSTNAME="wonder-ceo-web.scm.azurewebsites.net" X-Forwarded-Proto="https" X-AppService-Proto="https" X-Forwarded-TlsVersion="1.3" X-WAWS-Unencoded-URL="/api/publish?type=zip" X-Client-IP="199.203.90.233" X-Client-Port="54648" >
  <step title="OneDeploy" date="2025-09-15T12:05:59.814" >
    <step title="None repository commit" date="2025-09-15T12:05:59.828" >
      <step title="Commit id: 5d4f4b5d-42bc-42c4-8142-900d5619856c" date="2025-09-15T12:05:59.832" Message="N/A" AuthorName="N/A" AuthorEmail="N/A" /><!-- duration: 4ms -->
    </step><!-- duration: 11ms -->
    <step title="Starting PushDeployAsync" date="2025-09-15T12:05:59.843" /><!-- duration: 3ms -->
    <step title="Writing artifact to /tmp/zipdeploy/fe7812e9-2ef5-4acd-9560-b95ba6c9d78a.zip" date="2025-09-15T12:05:59.859" >
      <step title="Writing multipart request body to /tmp/zipdeploy/fe7812e9-2ef5-4acd-9560-b95ba6c9d78a.zip" date="2025-09-15T12:05:59.864" /><!-- duration: 4ms -->
    </step><!-- duration: 205ms -->
    <step title="Attempting to fetch target branch HEAD" date="2025-09-15T12:06:00.099" /><!-- duration: 17ms -->
    <step title="Acquiring Deployment Lock" date="2025-09-15T12:06:00.124" /><!-- duration: 4ms -->
    <step title="Acquired Deployment Lock" date="2025-09-15T12:06:00.249" /><!-- duration: 7ms -->
    <step title="Performing fetch based deployment" date="2025-09-15T12:06:00.266" >
      <step title="Creating temporary deployment" date="2025-09-15T12:06:00.272" /><!-- duration: 103ms -->
      <step title="Releasing Deployment Lock" date="2025-09-15T12:06:01.568" /><!-- duration: 7ms -->
      <step title="Cleaning up temp folders from previous zip deployments and extracting pushed zip file /tmp/zipdeploy/fe7812e9-2ef5-4acd-9560-b95ba6c9d78a.zip (8.67 MB) to /tmp/zipdeploy/extracted" date="2025-09-15T12:06:01.602" >
        <step title="ChmodRecursive Process exited with total time taken in ms: 107" date="2025-09-15T12:06:03.286" /><!-- duration: 22ms -->
      </step><!-- duration: 1717ms -->
      <step title="None repository commit" date="2025-09-15T12:06:03.357" >
        <step title="Commit id: 5d4f4b5d-42bc-42c4-8142-900d5619856c" date="2025-09-15T12:06:03.377" Message="OneDeploy" AuthorName="N/A" AuthorEmail="N/A" /><!-- duration: 11ms -->
      </step><!-- duration: 50ms -->
      <step title="Deployment timer started" date="2025-09-15T12:06:05.439" >
        <step title="DeploymentManager.Deploy(id:5d4f4b5d-42bc-42c4-8142-900d5619856c)" date="2025-09-15T12:06:05.446" >
          <step title="Collecting changeset information" date="2025-09-15T12:06:05.461" /><!-- duration: 80ms -->
          <step title="Updating submodules" date="2025-09-15T12:06:05.548" /><!-- duration: 1138ms -->
          <step title="Determining deployment builder" date="2025-09-15T12:06:06.909" >
            <step title="Builder is OryxBuilder" date="2025-09-15T12:06:06.918" /><!-- duration: 4ms -->
          </step><!-- duration: 17ms -->
          <step title="PreDeployment: context.CleanOutputPath False" date="2025-09-15T12:06:06.973" >
            <step title="PreDeployment: context.OutputPath /home/site/wwwroot" date="2025-09-15T12:06:07.104" >
              <step title="Building" date="2025-09-15T12:06:07.278" >
                <step title="Executing external process" date="2025-09-15T12:06:07.616" type="process" path="bash" arguments="-c &quot;oryx build /tmp/zipdeploy/extracted -o /home/site/wwwroot --platform nodejs --platform-version 20 -p virtualenv_name= --log-file /tmp/build-debug.log  -i /tmp/8ddf4504044e86d -p compress_node_modules=tar-gz | tee /tmp/oryx-build.log ; exit $PIPESTATUS &quot;" >
                  <step title="Cpu: npm install(960,25.000s)+build.sh(867,0.040s)+oryx(848,5.660s)+tee(849,0.000s)+bash(847,0.000s)=total(30.700s)" date="2025-09-15T12:07:26.846" /><!-- duration: 8ms -->
                  <step title="bash: no io activity for 60s, prev-cpu=-1.000s, current-cpu=30.700s" date="2025-09-15T12:07:26.864" /><!-- duration: 12ms -->
                  <step title="Cpu: npm install(960,26.360s)+build.sh(867,0.040s)+oryx(848,5.710s)+tee(849,0.000s)+bash(847,0.000s)=total(32.110s)" date="2025-09-15T12:08:27.014" /><!-- duration: 14ms -->
                  <step title="bash: no io activity for 120s, prev-cpu=30.700s, current-cpu=32.110s" date="2025-09-15T12:08:27.036" /><!-- duration: 19ms -->
                  <step title="Cpu: npm install(960,27.620s)+build.sh(867,0.040s)+oryx(848,5.730s)+tee(849,0.000s)+bash(847,0.000s)=total(33.390s)" date="2025-09-15T12:09:27.123" /><!-- duration: 8ms -->
                  <step title="bash: no io activity for 180s, prev-cpu=32.110s, current-cpu=33.390s" date="2025-09-15T12:09:27.136" /><!-- duration: 10ms -->
                  <step title="Cpu: npm install(960,28.710s)+build.sh(867,0.040s)+oryx(848,5.750s)+tee(849,0.000s)+bash(847,0.000s)=total(34.500s)" date="2025-09-15T12:10:27.268" /><!-- duration: 7ms -->
                  <step title="bash: no io activity for 240s, prev-cpu=33.390s, current-cpu=34.500s" date="2025-09-15T12:10:27.279" /><!-- duration: 11ms -->
                  <step title="Cpu: npm install(960,30.030s)+build.sh(867,0.040s)+oryx(848,5.790s)+tee(849,0.000s)+bash(847,0.000s)=total(35.860s)" date="2025-09-15T12:11:27.405" /><!-- duration: 250ms -->
                  <step title="bash: no io activity for 301s, prev-cpu=34.500s, current-cpu=35.860s" date="2025-09-15T12:11:27.913" /><!-- duration: 39ms -->
                  <step title="Cpu: npm install(960,30.920s)+build.sh(867,0.040s)+oryx(848,5.820s)+tee(849,0.000s)+bash(847,0.000s)=total(36.780s)" date="2025-09-15T12:12:28.198" /><!-- duration: 7ms -->
                  <step title="bash: no io activity for 361s, prev-cpu=35.860s, current-cpu=36.780s" date="2025-09-15T12:12:28.210" /><!-- duration: 12ms -->
                  <step title="Cpu: npm install(960,31.470s)+build.sh(867,0.040s)+oryx(848,5.820s)+tee(849,0.000s)+bash(847,0.000s)=total(37.330s)" date="2025-09-15T12:13:28.286" /><!-- duration: 20ms -->
                  <step title="bash: no io activity for 421s, prev-cpu=36.780s, current-cpu=37.330s" date="2025-09-15T12:13:28.311" /><!-- duration: 5ms -->
                  <step title="Process dump" date="2025-09-15T12:13:59.165" exitCode="1" type="processOutput" /><!-- duration: 7ms -->
                </step><!-- duration: 471589ms -->
                <step title="Error occurred" date="2025-09-15T12:13:59.331" type="error" text="npm notice
npm notice New major version of npm available! 10.8.2 -&gt; 11.6.0
npm notice Changelog: https://github.com/npm/cli/releases/tag/v11.6.0
npm notice To update run: npm install -g npm@11.6.0
npm notice
 ⚠ Installing TypeScript as it was not found while loading &quot;next.config.ts&quot;.
 ⨯ Failed to load next.config.ts, see more info here https://nextjs.org/docs/messages/next-config-error

&gt; Build error occurred
[Error: Cannot find module &apos;typescript&apos;
Require stack:
- /tmp/8ddf4504044e86d/node_modules/next/dist/build/next-config-ts/transpile-config.js
- /tmp/8ddf4504044e86d/node_modules/next/dist/server/config.js
- /tmp/8ddf4504044e86d/node_modules/next/dist/cli/next-test.js
- /tmp/8ddf4504044e86d/node_modules/next/dist/bin/next] {
  code: &apos;MODULE_NOT_FOUND&apos;,
  requireStack: [Array]
}
/bin/bash -c &quot;oryx build /tmp/zipdeploy/extracted -o /home/site/wwwroot --platform nodejs --platform-version 20 -p virtualenv_name= --log-file /tmp/build-debug.log  -i /tmp/8ddf4504044e86d -p compress_node_modules=tar-gz | tee /tmp/oryx-build.log ; exit $PIPESTATUS &quot;" stackTrace="   at Kudu.Core.Infrastructure.Executable.ExecuteInternal(ITracer tracer, Func`2 onWriteOutput, Func`2 onWriteError, CancellationToken token, Encoding encoding, String arguments, Object[] args) in /tmp/KuduLite/Kudu.Core/Infrastructure/Executable.cs:line 239
   at Kudu.Core.Infrastructure.Executable.ExecuteWithProgressWriter(ILogger logger, ITracer tracer, CancellationToken token, String arguments, Object[] args) in /tmp/KuduLite/Kudu.Core/Infrastructure/Executable.cs:line 118
   at Kudu.Core.Deployment.Generator.ExternalCommandBuilder.RunCommand(DeploymentContext context, String command, Boolean ignoreManifest, CancellationToken token, String message) in /tmp/KuduLite/Kudu.Core/Deployment/Generator/ExternalCommandBuilder.cs:line 122" /><!-- duration: 5ms -->
                <step title="Error occurred" date="2025-09-15T12:13:59.397" type="error" text="npm notice
npm notice New major version of npm available! 10.8.2 -&gt; 11.6.0
npm notice Changelog: https://github.com/npm/cli/releases/tag/v11.6.0
npm notice To update run: npm install -g npm@11.6.0
npm notice
 ⚠ Installing TypeScript as it was not found while loading &quot;next.config.ts&quot;.
 ⨯ Failed to load next.config.ts, see more info here https://nextjs.org/docs/messages/next-config-error

&gt; Build error occurred
[Error: Cannot find module &apos;typescript&apos;
Require stack:
- /tmp/8ddf4504044e86d/node_modules/next/dist/build/next-config-ts/transpile-config.js
- /tmp/8ddf4504044e86d/node_modules/next/dist/server/config.js
- /tmp/8ddf4504044e86d/node_modules/next/dist/cli/next-test.js
- /tmp/8ddf4504044e86d/node_modules/next/dist/bin/next] {
  code: &apos;MODULE_NOT_FOUND&apos;,
  requireStack: [Array]
}
/bin/bash -c &quot;oryx build /tmp/zipdeploy/extracted -o /home/site/wwwroot --platform nodejs --platform-version 20 -p virtualenv_name= --log-file /tmp/build-debug.log  -i /tmp/8ddf4504044e86d -p compress_node_modules=tar-gz | tee /tmp/oryx-build.log ; exit $PIPESTATUS &quot;" stackTrace="   at Kudu.Core.Infrastructure.Executable.ExecuteInternal(ITracer tracer, Func`2 onWriteOutput, Func`2 onWriteError, CancellationToken token, Encoding encoding, String arguments, Object[] args) in /tmp/KuduLite/Kudu.Core/Infrastructure/Executable.cs:line 239
   at Kudu.Core.Infrastructure.Executable.ExecuteWithProgressWriter(ILogger logger, ITracer tracer, CancellationToken token, String arguments, Object[] args) in /tmp/KuduLite/Kudu.Core/Infrastructure/Executable.cs:line 118
   at Kudu.Core.Deployment.Generator.ExternalCommandBuilder.RunCommand(DeploymentContext context, String command, Boolean ignoreManifest, CancellationToken token, String message) in /tmp/KuduLite/Kudu.Core/Deployment/Generator/ExternalCommandBuilder.cs:line 122
   at Kudu.Core.Deployment.Generator.OryxBuilder.RunBuildCommand(IOryxArguments args, DeploymentContext context, CancellationToken token) in /tmp/KuduLite/Kudu.Core/Deployment/Generator/OryxBuilder.cs:line 282
   at Kudu.Core.Deployment.Generator.OryxBuilder.Build(DeploymentContext context, CancellationToken token) in /tmp/KuduLite/Kudu.Core/Deployment/Generator/OryxBuilder.cs:line 123
   at Kudu.Core.Deployment.DeploymentManager.Build(ChangeSet changeSet, ITracer tracer, IDisposable deployStep, IRepository repository, DeploymentInfoBase deploymentInfo, DeploymentAnalytics deploymentAnalytics, Boolean fullBuildByDefault, CancellationToken cancellationToken) in /tmp/KuduLite/Kudu.Core/Deployment/DeploymentManager.cs:line 771" /><!-- duration: 5ms -->
                <step title="Using GenericDeploymentLogParser" date="2025-09-15T12:13:59.726" /><!-- duration: 5ms -->
                <step title="Purge deployment items" date="2025-09-15T12:14:01.519" >
                  <step title="Remove temp-0916, Pending, received at 09/15/2025 12:11:10" date="2025-09-15T12:14:01.577" /><!-- duration: 4ms -->
                  <step title="Remove temp-5a2f, Pending, received at 09/15/2025 12:06:00" date="2025-09-15T12:14:01.690" /><!-- duration: 17ms -->
                  <step title="Remove 5d4f4b5d-, Failed, received at 09/15/2025 12:06:05" date="2025-09-15T12:14:01.867" /><!-- duration: 23ms -->
                </step><!-- duration: 391ms -->
              </step><!-- duration: 474649ms -->
            </step><!-- duration: 474865ms -->
            <step title="Error occurred" date="2025-09-15T12:14:02.039" type="error" text="npm notice
npm notice New major version of npm available! 10.8.2 -&gt; 11.6.0
npm notice Changelog: https://github.com/npm/cli/releases/tag/v11.6.0
npm notice To update run: npm install -g npm@11.6.0
npm notice
 ⚠ Installing TypeScript as it was not found while loading &quot;next.config.ts&quot;.
 ⨯ Failed to load next.config.ts, see more info here https://nextjs.org/docs/messages/next-config-error

&gt; Build error occurred
[Error: Cannot find module &apos;typescript&apos;
Require stack:
- /tmp/8ddf4504044e86d/node_modules/next/dist/build/next-config-ts/transpile-config.js
- /tmp/8ddf4504044e86d/node_modules/next/dist/server/config.js
- /tmp/8ddf4504044e86d/node_modules/next/dist/cli/next-test.js
- /tmp/8ddf4504044e86d/node_modules/next/dist/bin/next] {
  code: &apos;MODULE_NOT_FOUND&apos;,
  requireStack: [Array]
}
/bin/bash -c &quot;oryx build /tmp/zipdeploy/extracted -o /home/site/wwwroot --platform nodejs --platform-version 20 -p virtualenv_name= --log-file /tmp/build-debug.log  -i /tmp/8ddf4504044e86d -p compress_node_modules=tar-gz | tee /tmp/oryx-build.log ; exit $PIPESTATUS &quot;" stackTrace="   at Kudu.Core.Infrastructure.Executable.ExecuteInternal(ITracer tracer, Func`2 onWriteOutput, Func`2 onWriteError, CancellationToken token, Encoding encoding, String arguments, Object[] args) in /tmp/KuduLite/Kudu.Core/Infrastructure/Executable.cs:line 239
   at Kudu.Core.Infrastructure.Executable.ExecuteWithProgressWriter(ILogger logger, ITracer tracer, CancellationToken token, String arguments, Object[] args) in /tmp/KuduLite/Kudu.Core/Infrastructure/Executable.cs:line 118
   at Kudu.Core.Deployment.Generator.ExternalCommandBuilder.RunCommand(DeploymentContext context, String command, Boolean ignoreManifest, CancellationToken token, String message) in /tmp/KuduLite/Kudu.Core/Deployment/Generator/ExternalCommandBuilder.cs:line 122
   at Kudu.Core.Deployment.Generator.OryxBuilder.RunBuildCommand(IOryxArguments args, DeploymentContext context, CancellationToken token) in /tmp/KuduLite/Kudu.Core/Deployment/Generator/OryxBuilder.cs:line 282
   at Kudu.Core.Deployment.Generator.OryxBuilder.Build(DeploymentContext context, CancellationToken token) in /tmp/KuduLite/Kudu.Core/Deployment/Generator/OryxBuilder.cs:line 123
   at Kudu.Core.Deployment.DeploymentManager.Build(ChangeSet changeSet, ITracer tracer, IDisposable deployStep, IRepository repository, DeploymentInfoBase deploymentInfo, DeploymentAnalytics deploymentAnalytics, Boolean fullBuildByDefault, CancellationToken cancellationToken) in /tmp/KuduLite/Kudu.Core/Deployment/DeploymentManager.cs:line 771
   at Kudu.Core.Deployment.DeploymentManager.Build(ChangeSet changeSet, ITracer tracer, IDisposable deployStep, IRepository repository, DeploymentInfoBase deploymentInfo, DeploymentAnalytics deploymentAnalytics, Boolean fullBuildByDefault, CancellationToken cancellationToken) in /tmp/KuduLite/Kudu.Core/Deployment/DeploymentManager.cs:line 840" /><!-- duration: 31ms -->
            <step title="Cleaning up temp files" date="2025-09-15T12:14:03.487" /><!-- duration: 1882ms -->
            <step title="Cleaning up temp files" date="2025-09-15T12:14:05.378" /><!-- duration: 513ms -->
            <step title="Error occurred" date="2025-09-15T12:14:05.921" type="error" text="npm notice
npm notice New major version of npm available! 10.8.2 -&gt; 11.6.0
npm notice Changelog: https://github.com/npm/cli/releases/tag/v11.6.0
npm notice To update run: npm install -g npm@11.6.0
npm notice
 ⚠ Installing TypeScript as it was not found while loading &quot;next.config.ts&quot;.
 ⨯ Failed to load next.config.ts, see more info here https://nextjs.org/docs/messages/next-config-error

&gt; Build error occurred
[Error: Cannot find module &apos;typescript&apos;
Require stack:
- /tmp/8ddf4504044e86d/node_modules/next/dist/build/next-config-ts/transpile-config.js
- /tmp/8ddf4504044e86d/node_modules/next/dist/server/config.js
- /tmp/8ddf4504044e86d/node_modules/next/dist/cli/next-test.js
- /tmp/8ddf4504044e86d/node_modules/next/dist/bin/next] {
  code: &apos;MODULE_NOT_FOUND&apos;,
  requireStack: [Array]
}
/bin/bash -c &quot;oryx build /tmp/zipdeploy/extracted -o /home/site/wwwroot --platform nodejs --platform-version 20 -p virtualenv_name= --log-file /tmp/build-debug.log  -i /tmp/8ddf4504044e86d -p compress_node_modules=tar-gz | tee /tmp/oryx-build.log ; exit $PIPESTATUS &quot;" stackTrace="   at Kudu.Core.Infrastructure.Executable.ExecuteInternal(ITracer tracer, Func`2 onWriteOutput, Func`2 onWriteError, CancellationToken token, Encoding encoding, String arguments, Object[] args) in /tmp/KuduLite/Kudu.Core/Infrastructure/Executable.cs:line 239
   at Kudu.Core.Infrastructure.Executable.ExecuteWithProgressWriter(ILogger logger, ITracer tracer, CancellationToken token, String arguments, Object[] args) in /tmp/KuduLite/Kudu.Core/Infrastructure/Executable.cs:line 118
   at Kudu.Core.Deployment.Generator.ExternalCommandBuilder.RunCommand(DeploymentContext context, String command, Boolean ignoreManifest, CancellationToken token, String message) in /tmp/KuduLite/Kudu.Core/Deployment/Generator/ExternalCommandBuilder.cs:line 122
   at Kudu.Core.Deployment.Generator.OryxBuilder.RunBuildCommand(IOryxArguments args, DeploymentContext context, CancellationToken token) in /tmp/KuduLite/Kudu.Core/Deployment/Generator/OryxBuilder.cs:line 282
   at Kudu.Core.Deployment.Generator.OryxBuilder.Build(DeploymentContext context, CancellationToken token) in /tmp/KuduLite/Kudu.Core/Deployment/Generator/OryxBuilder.cs:line 123
   at Kudu.Core.Deployment.DeploymentManager.Build(ChangeSet changeSet, ITracer tracer, IDisposable deployStep, IRepository repository, DeploymentInfoBase deploymentInfo, DeploymentAnalytics deploymentAnalytics, Boolean fullBuildByDefault, CancellationToken cancellationToken) in /tmp/KuduLite/Kudu.Core/Deployment/DeploymentManager.cs:line 771
   at Kudu.Core.Deployment.DeploymentManager.Build(ChangeSet changeSet, ITracer tracer, IDisposable deployStep, IRepository repository, DeploymentInfoBase deploymentInfo, DeploymentAnalytics deploymentAnalytics, Boolean fullBuildByDefault, CancellationToken cancellationToken) in /tmp/KuduLite/Kudu.Core/Deployment/DeploymentManager.cs:line 840
   at Kudu.Core.Deployment.DeploymentManager.DeployAsync(IRepository repository, ChangeSet changeSet, String deployer, Boolean clean, DeploymentInfoBase deploymentInfo, Boolean needFileUpdate, Boolean fullBuildByDefault) in /tmp/KuduLite/Kudu.Core/Deployment/DeploymentManager.cs:line 266" /><!-- duration: 4ms -->
          </step><!-- duration: 478960ms -->
          <step title="Reloading status file with latest updates" date="2025-09-15T12:14:05.989" /><!-- duration: 5ms -->
          <step title="Error occurred" date="2025-09-15T12:14:06.003" type="error" text="npm notice
npm notice New major version of npm available! 10.8.2 -&gt; 11.6.0
npm notice Changelog: https://github.com/npm/cli/releases/tag/v11.6.0
npm notice To update run: npm install -g npm@11.6.0
npm notice
 ⚠ Installing TypeScript as it was not found while loading &quot;next.config.ts&quot;.
 ⨯ Failed to load next.config.ts, see more info here https://nextjs.org/docs/messages/next-config-error

&gt; Build error occurred
[Error: Cannot find module &apos;typescript&apos;
Require stack:
- /tmp/8ddf4504044e86d/node_modules/next/dist/build/next-config-ts/transpile-config.js
- /tmp/8ddf4504044e86d/node_modules/next/dist/server/config.js
- /tmp/8ddf4504044e86d/node_modules/next/dist/cli/next-test.js
- /tmp/8ddf4504044e86d/node_modules/next/dist/bin/next] {
  code: &apos;MODULE_NOT_FOUND&apos;,
  requireStack: [Array]
}
/bin/bash -c &quot;oryx build /tmp/zipdeploy/extracted -o /home/site/wwwroot --platform nodejs --platform-version 20 -p virtualenv_name= --log-file /tmp/build-debug.log  -i /tmp/8ddf4504044e86d -p compress_node_modules=tar-gz | tee /tmp/oryx-build.log ; exit $PIPESTATUS &quot;" stackTrace="   at Kudu.Core.Infrastructure.Executable.ExecuteInternal(ITracer tracer, Func`2 onWriteOutput, Func`2 onWriteError, CancellationToken token, Encoding encoding, String arguments, Object[] args) in /tmp/KuduLite/Kudu.Core/Infrastructure/Executable.cs:line 239
   at Kudu.Core.Infrastructure.Executable.ExecuteWithProgressWriter(ILogger logger, ITracer tracer, CancellationToken token, String arguments, Object[] args) in /tmp/KuduLite/Kudu.Core/Infrastructure/Executable.cs:line 118
   at Kudu.Core.Deployment.Generator.ExternalCommandBuilder.RunCommand(DeploymentContext context, String command, Boolean ignoreManifest, CancellationToken token, String message) in /tmp/KuduLite/Kudu.Core/Deployment/Generator/ExternalCommandBuilder.cs:line 122
   at Kudu.Core.Deployment.Generator.OryxBuilder.RunBuildCommand(IOryxArguments args, DeploymentContext context, CancellationToken token) in /tmp/KuduLite/Kudu.Core/Deployment/Generator/OryxBuilder.cs:line 282
   at Kudu.Core.Deployment.Generator.OryxBuilder.Build(DeploymentContext context, CancellationToken token) in /tmp/KuduLite/Kudu.Core/Deployment/Generator/OryxBuilder.cs:line 123
   at Kudu.Core.Deployment.DeploymentManager.Build(ChangeSet changeSet, ITracer tracer, IDisposable deployStep, IRepository repository, DeploymentInfoBase deploymentInfo, DeploymentAnalytics deploymentAnalytics, Boolean fullBuildByDefault, CancellationToken cancellationToken) in /tmp/KuduLite/Kudu.Core/Deployment/DeploymentManager.cs:line 771
   at Kudu.Core.Deployment.DeploymentManager.Build(ChangeSet changeSet, ITracer tracer, IDisposable deployStep, IRepository repository, DeploymentInfoBase deploymentInfo, DeploymentAnalytics deploymentAnalytics, Boolean fullBuildByDefault, CancellationToken cancellationToken) in /tmp/KuduLite/Kudu.Core/Deployment/DeploymentManager.cs:line 840
   at Kudu.Core.Deployment.DeploymentManager.DeployAsync(IRepository repository, ChangeSet changeSet, String deployer, Boolean clean, DeploymentInfoBase deploymentInfo, Boolean needFileUpdate, Boolean fullBuildByDefault) in /tmp/KuduLite/Kudu.Core/Deployment/DeploymentManager.cs:line 266" /><!-- duration: 4ms -->
          <step title="Could not find status file to mark the deployment failed" date="2025-09-15T12:14:06.083" /><!-- duration: 5ms -->
        </step><!-- duration: 480647ms -->
      </step><!-- duration: 480667ms -->
      <step title="Error occurred" date="2025-09-15T12:14:06.176" type="error" text="Deployment failed" stackTrace="   at Kudu.Core.Deployment.DeploymentManager.DeployAsync(IRepository repository, ChangeSet changeSet, String deployer, Boolean clean, DeploymentInfoBase deploymentInfo, Boolean needFileUpdate, Boolean fullBuildByDefault) in /tmp/KuduLite/Kudu.Core/Deployment/DeploymentManager.cs:line 307
   at Kudu.Core.Deployment.FetchDeploymentManager.PerformDeployment(DeploymentInfoBase deploymentInfo, IDisposable tempDeployment, ChangeSet tempChangeSet, DeployStatusApiResult updateStatusObj) in /tmp/KuduLite/Kudu.Core/Deployment/FetchDeploymentManager.cs:line 230
   at Kudu.Core.Deployment.FetchDeploymentManager.&lt;&gt;c__DisplayClass17_0.&lt;&lt;FetchDeploy&gt;b__0&gt;d.MoveNext() in /tmp/KuduLite/Kudu.Core/Deployment/FetchDeploymentManager.cs:line 131
--- End of stack trace from previous location ---
   at Kudu.Core.Deployment.FetchDeploymentManager.FetchDeploy(DeploymentInfoBase deployInfo, Boolean asyncRequested, Uri requestUri, String targetBranch) in /tmp/KuduLite/Kudu.Core/Deployment/FetchDeploymentManager.cs:line 124
   at Kudu.Services.Deployment.PushDeploymentController.PushDeployAsync(ArtifactDeploymentInfo deploymentInfo, Boolean isAsync, HttpContext context, JObject requestJson) in /tmp/KuduLite/Kudu.Services/Deployment/PushDeploymentController.cs:line 791
   at Kudu.Services.Deployment.PushDeploymentController.OneDeploy(String type, Boolean async, String path, Nullable`1 restart, Nullable`1 clean, Boolean ignoreStack, Boolean trackDeploymentProgress, Boolean trackStatus, Boolean reset) in /tmp/KuduLite/Kudu.Services/Deployment/PushDeploymentController.cs:line 624
   at Microsoft.AspNetCore.Mvc.Infrastructure.ActionMethodExecutor.TaskOfIActionResultExecutor.Execute(ActionContext actionContext, IActionResultTypeMapper mapper, ObjectMethodExecutor executor, Object controller, Object[] arguments)
   at Microsoft.AspNetCore.Mvc.Infrastructure.ControllerActionInvoker.&lt;InvokeActionMethodAsync&gt;g__Awaited|12_0(ControllerActionInvoker invoker, ValueTask`1 actionResultValueTask)
   at Microsoft.AspNetCore.Mvc.Infrastructure.ControllerActionInvoker.&lt;InvokeNextActionFilterAsync&gt;g__Awaited|10_0(ControllerActionInvoker invoker, Task lastTask, State next, Scope scope, Object state, Boolean isCompleted)
   at Microsoft.AspNetCore.Mvc.Infrastructure.ControllerActionInvoker.Rethrow(ActionExecutedContextSealed context)
   at Microsoft.AspNetCore.Mvc.Infrastructure.ControllerActionInvoker.Next(State&amp; next, Scope&amp; scope, Object&amp; state, Boolean&amp; isCompleted)
   at Microsoft.AspNetCore.Mvc.Infrastructure.ControllerActionInvoker.&lt;InvokeInnerFilterAsync&gt;g__Awaited|13_0(ControllerActionInvoker invoker, Task lastTask, State next, Scope scope, Object state, Boolean isCompleted)
   at Microsoft.AspNetCore.Mvc.Infrastructure.ResourceInvoker.&lt;InvokeNextResourceFilter&gt;g__Awaited|25_0(ResourceInvoker invoker, Task lastTask, State next, Scope scope, Object state, Boolean isCompleted)
   at Microsoft.AspNetCore.Mvc.Infrastructure.ResourceInvoker.Rethrow(ResourceExecutedContextSealed context)
   at Microsoft.AspNetCore.Mvc.Infrastructure.ResourceInvoker.Next(State&amp; next, Scope&amp; scope, Object&amp; state, Boolean&amp; isCompleted)
   at Microsoft.AspNetCore.Mvc.Infrastructure.ResourceInvoker.&lt;InvokeFilterPipelineAsync&gt;g__Awaited|20_0(ResourceInvoker invoker, Task lastTask, State next, Scope scope, Object state, Boolean isCompleted)
   at Microsoft.AspNetCore.Mvc.Infrastructure.ResourceInvoker.&lt;InvokeAsync&gt;g__Awaited|17_0(ResourceInvoker invoker, Task task, IDisposable scope)
   at Microsoft.AspNetCore.Mvc.Infrastructure.ResourceInvoker.&lt;InvokeAsync&gt;g__Awaited|17_0(ResourceInvoker invoker, Task task, IDisposable scope)
   at Microsoft.AspNetCore.Builder.RouterMiddleware.Invoke(HttpContext httpContext)
   at Kudu.Services.Web.Tracing.TraceMiddleware.Invoke(HttpContext context) in /tmp/KuduLite/Kudu.Services.Web/Tracing/TraceMiddleware.cs:line 101" innerText="npm notice
npm notice New major version of npm available! 10.8.2 -&gt; 11.6.0
npm notice Changelog: https://github.com/npm/cli/releases/tag/v11.6.0
npm notice To update run: npm install -g npm@11.6.0
npm notice
 ⚠ Installing TypeScript as it was not found while loading &quot;next.config.ts&quot;.
 ⨯ Failed to load next.config.ts, see more info here https://nextjs.org/docs/messages/next-config-error

&gt; Build error occurred
[Error: Cannot find module &apos;typescript&apos;
Require stack:
- /tmp/8ddf4504044e86d/node_modules/next/dist/build/next-config-ts/transpile-config.js
- /tmp/8ddf4504044e86d/node_modules/next/dist/server/config.js
- /tmp/8ddf4504044e86d/node_modules/next/dist/cli/next-test.js
- /tmp/8ddf4504044e86d/node_modules/next/dist/bin/next] {
  code: &apos;MODULE_NOT_FOUND&apos;,
  requireStack: [Array]
}
/bin/bash -c &quot;oryx build /tmp/zipdeploy/extracted -o /home/site/wwwroot --platform nodejs --platform-version 20 -p virtualenv_name= --log-file /tmp/build-debug.log  -i /tmp/8ddf4504044e86d -p compress_node_modules=tar-gz | tee /tmp/oryx-build.log ; exit $PIPESTATUS &quot;" innerStackTrace="   at Kudu.Core.Infrastructure.Executable.ExecuteInternal(ITracer tracer, Func`2 onWriteOutput, Func`2 onWriteError, CancellationToken token, Encoding encoding, String arguments, Object[] args) in /tmp/KuduLite/Kudu.Core/Infrastructure/Executable.cs:line 239
   at Kudu.Core.Infrastructure.Executable.ExecuteWithProgressWriter(ILogger logger, ITracer tracer, CancellationToken token, String arguments, Object[] args) in /tmp/KuduLite/Kudu.Core/Infrastructure/Executable.cs:line 118
   at Kudu.Core.Deployment.Generator.ExternalCommandBuilder.RunCommand(DeploymentContext context, String command, Boolean ignoreManifest, CancellationToken token, String message) in /tmp/KuduLite/Kudu.Core/Deployment/Generator/ExternalCommandBuilder.cs:line 122
   at Kudu.Core.Deployment.Generator.OryxBuilder.RunBuildCommand(IOryxArguments args, DeploymentContext context, CancellationToken token) in /tmp/KuduLite/Kudu.Core/Deployment/Generator/OryxBuilder.cs:line 282
   at Kudu.Core.Deployment.Generator.OryxBuilder.Build(DeploymentContext context, CancellationToken token) in /tmp/KuduLite/Kudu.Core/Deployment/Generator/OryxBuilder.cs:line 123
   at Kudu.Core.Deployment.DeploymentManager.Build(ChangeSet changeSet, ITracer tracer, IDisposable deployStep, IRepository repository, DeploymentInfoBase deploymentInfo, DeploymentAnalytics deploymentAnalytics, Boolean fullBuildByDefault, CancellationToken cancellationToken) in /tmp/KuduLite/Kudu.Core/Deployment/DeploymentManager.cs:line 771
   at Kudu.Core.Deployment.DeploymentManager.Build(ChangeSet changeSet, ITracer tracer, IDisposable deployStep, IRepository repository, DeploymentInfoBase deploymentInfo, DeploymentAnalytics deploymentAnalytics, Boolean fullBuildByDefault, CancellationToken cancellationToken) in /tmp/KuduLite/Kudu.Core/Deployment/DeploymentManager.cs:line 840
   at Kudu.Core.Deployment.DeploymentManager.DeployAsync(IRepository repository, ChangeSet changeSet, String deployer, Boolean clean, DeploymentInfoBase deploymentInfo, Boolean needFileUpdate, Boolean fullBuildByDefault) in /tmp/KuduLite/Kudu.Core/Deployment/DeploymentManager.cs:line 266" /><!-- duration: 11ms -->
      <step title="Incoming Request" date="2025-09-15T12:14:06.258" url="/Error?type=zip" method="POST" type="request" pid="821,1,28" Accept="*/*" Host="wonder-ceo-web.scm.azurewebsites.net" User-Agent="AZURECLI/2.77.0 (DEB)" Accept-Encoding="gzip, deflate" Authorization="Bea..." Cache-Control="no-cache" Content-Type="application/octet-stream" Content-Length="9094726" x-ms-client-request-id="4a8b4ae8-922c-11f0-86df-00155db73234" x-ms-artifact-checksum="bc97b30f8106d26f8743d3309968511176f22463efb9046af9798005866eeec0" X-ARR-LOG-ID="4a8b4ae8-922c-11f0-86df-00155db73234" CLIENT-IP="199.203.90.233:54648" X-SITE-DEPLOYMENT-ID="wonder-ceo-web" WAS-DEFAULT-HOSTNAME="wonder-ceo-web.scm.azurewebsites.net" X-Forwarded-Proto="https" X-AppService-Proto="https" X-Forwarded-TlsVersion="1.3" X-WAWS-Unencoded-URL="/api/publish?type=zip" X-Client-IP="199.203.90.233" X-Client-Port="54648" >
        <step title="Outgoing response" date="2025-09-15T12:14:06.349" type="response" statusCode="400" statusText="BadRequest" /><!-- duration: 4ms -->
      </step><!-- duration: 102ms -->
