<step title="Incoming Request" date="2025-09-16T05:33:58.781" instance="b45a72" url="/api/publish?type=zip" method="POST" type="request" pid="821,1,7" Accept="*/*" Host="wonder-ceo-web.scm.azurewebsites.net" User-Agent="AZURECLI/2.77.0 (DEB)" Accept-Encoding="gzip, deflate" Authorization="Bea..." Cache-Control="no-cache" Content-Type="application/octet-stream" Cookie="ARRAffinity=b45a72993595e7c2cff6388991a94deb8c993acf95a5c3755ecae7cdb9813e82; ARRAffinitySameSite=b45a72993595e7c2cff6388991a94deb8c993acf95a5c3755ecae7cdb9813e82" Content-Length="24484492" x-ms-client-request-id="b5dcaf0c-92be-11f0-86df-00155db73fc4" x-ms-artifact-checksum="4f528c660e14e743776e152c403c68d139453c304d0511e5a762a1a22d8291a7" X-ARR-LOG-ID="b5dcaf0c-92be-11f0-86df-00155db73fc4" CLIENT-IP="199.203.90.233:54606" X-SITE-DEPLOYMENT-ID="wonder-ceo-web" WAS-DEFAULT-HOSTNAME="wonder-ceo-web.scm.azurewebsites.net" X-Forwarded-Proto="https" X-AppService-Proto="https" X-Forwarded-TlsVersion="1.3" X-WAWS-Unencoded-URL="/api/publish?type=zip" X-Client-IP="199.203.90.233" X-Client-Port="54606" >
  <step title="OneDeploy" date="2025-09-16T05:33:58.926" >
    <step title="None repository commit" date="2025-09-16T05:33:58.941" >
      <step title="Commit id: 7fa570a1-a4a6-4b71-ab67-4fea809956e1" date="2025-09-16T05:33:58.948" Message="N/A" AuthorName="N/A" AuthorEmail="N/A" /><!-- duration: 3ms -->
    </step><!-- duration: 14ms -->
    <step title="Starting PushDeployAsync" date="2025-09-16T05:33:58.959" /><!-- duration: 3ms -->
    <step title="Writing artifact to /tmp/zipdeploy/cd4d7552-0da1-4074-95fb-9a7e534e49de.zip" date="2025-09-16T05:33:58.976" >
      <step title="Writing multipart request body to /tmp/zipdeploy/cd4d7552-0da1-4074-95fb-9a7e534e49de.zip" date="2025-09-16T05:33:59.001" /><!-- duration: 9ms -->
    </step><!-- duration: 5202ms -->
    <step title="Attempting to fetch target branch HEAD" date="2025-09-16T05:34:04.217" /><!-- duration: 3ms -->
    <step title="Acquiring Deployment Lock" date="2025-09-16T05:34:04.224" /><!-- duration: 6ms -->
    <step title="Acquired Deployment Lock" date="2025-09-16T05:34:04.272" /><!-- duration: 4ms -->
    <step title="Performing fetch based deployment" date="2025-09-16T05:34:04.283" >
      <step title="Creating temporary deployment" date="2025-09-16T05:34:04.295" /><!-- duration: 62ms -->
      <step title="Releasing Deployment Lock" date="2025-09-16T05:34:05.519" /><!-- duration: 3ms -->
      <step title="Cleaning up temp folders from previous zip deployments and extracting pushed zip file /tmp/zipdeploy/cd4d7552-0da1-4074-95fb-9a7e534e49de.zip (23.35 MB) to /tmp/zipdeploy/extracted" date="2025-09-16T05:34:05.561" >
        <step title="ChmodRecursive Process exited with total time taken in ms: 80" date="2025-09-16T05:34:08.156" /><!-- duration: 4ms -->
      </step><!-- duration: 2602ms -->
      <step title="None repository commit" date="2025-09-16T05:34:08.170" >
        <step title="Commit id: 7fa570a1-a4a6-4b71-ab67-4fea809956e1" date="2025-09-16T05:34:08.173" Message="OneDeploy" AuthorName="N/A" AuthorEmail="N/A" /><!-- duration: 5ms -->
      </step><!-- duration: 15ms -->
      <step title="Deployment timer started" date="2025-09-16T05:34:10.189" >
        <step title="DeploymentManager.Deploy(id:7fa570a1-a4a6-4b71-ab67-4fea809956e1)" date="2025-09-16T05:34:10.194" >
          <step title="Collecting changeset information" date="2025-09-16T05:34:10.222" /><!-- duration: 81ms -->
          <step title="Updating submodules" date="2025-09-16T05:34:10.309" /><!-- duration: 1156ms -->
          <step title="Determining deployment builder" date="2025-09-16T05:34:11.720" >
            <step title="Builder is OneDeployBuilder" date="2025-09-16T05:34:11.731" /><!-- duration: 4ms -->
          </step><!-- duration: 19ms -->
          <step title="PreDeployment: context.CleanOutputPath False" date="2025-09-16T05:34:11.790" >
            <step title="PreDeployment: context.OutputPath /home/site/wwwroot" date="2025-09-16T05:34:11.927" >
              <step title="Building" date="2025-09-16T05:34:12.127" >
                <step title="Executing external process" date="2025-09-16T05:34:12.957" type="process" path="starter.sh" arguments="/opt/Kudu/Scripts/absoluteTar.sh /tmp/zipdeploy/extracted/node_modules /tmp/zipdeploy/extracted/node_modules.tar.gz" /><!-- duration: 125ms -->
                <step title="Executing external process" date="2025-09-16T05:34:13.392" type="process" path="starter.sh" arguments="/opt/Kudu/Scripts/parallel_rsync.sh /tmp/zipdeploy/extracted /home/site/wwwroot 8 /tmp/ False False node_modules " /><!-- duration: 41249ms -->
                <step title="Modified file to trigger a restart of the app container." date="2025-09-16T05:34:55.559" /><!-- duration: 4ms -->
                <step title="Skip function trigger and logicapp sync because function is not enabled." date="2025-09-16T05:34:55.567" /><!-- duration: 4ms -->
                <step title="Purge deployment items" date="2025-09-16T05:34:56.528" >
                  <step title="Remove 489f2c88-, Failed, received at 09/16/2025 04:58:21" date="2025-09-16T05:34:56.592" /><!-- duration: 3ms -->
                  <step title="Remove temp-93fb, Failed, received at 09/16/2025 04:57:59" date="2025-09-16T05:34:56.654" /><!-- duration: 3ms -->
                </step><!-- duration: 132ms -->
              </step><!-- duration: 44630ms -->
            </step><!-- duration: 44835ms -->
            <step title="Cleaning up temp files" date="2025-09-16T05:34:56.765" /><!-- duration: 4ms -->
            <step title="Cleaning up temp files" date="2025-09-16T05:34:56.773" /><!-- duration: 504ms -->
            <step title="Reloading status file with latest updates" date="2025-09-16T05:34:57.340" >
              <step title="WebHooksManager.PublishEventAsync: PostDeployment" date="2025-09-16T05:34:57.344" /><!-- duration: 60ms -->
            </step><!-- duration: 66ms -->
            <step title="Cleaning up temporary deployment - fetch deployment was successful" date="2025-09-16T05:34:57.412" /><!-- duration: 3ms -->
          </step><!-- duration: 45720ms -->
        </step><!-- duration: 47327ms -->
        <step title="Outgoing response" date="2025-09-16T05:34:57.549" type="response" statusCode="200" statusText="OK" /><!-- duration: 12ms -->
      </step><!-- duration: 47379ms -->
