<step title="Incoming Request" date="2025-09-16T10:27:44.007" instance="b45a72" url="/api/zipdeploy?isAsync=true" method="POST" type="request" pid="821,1,51" Accept="*/*" Host="wonder-ceo-web.scm.azurewebsites.net" User-Agent="AZURECLI/2.77.0 (DEB)" Accept-Encoding="gzip, deflate" Authorization="Bea..." Cache-Control="no-cache" Content-Type="application/octet-stream" Content-Length="247204" x-ms-client-request-id="c32b6620-92e7-11f0-86df-00155db73fc4" x-ms-artifact-checksum="af37d6f28f9cf516be7b5883a50f00bc95b72fa240497aeeb3486a85aa834b39" X-ARR-LOG-ID="c32b6620-92e7-11f0-86df-00155db73fc4" CLIENT-IP="199.203.90.233:54626" X-SITE-DEPLOYMENT-ID="wonder-ceo-web" WAS-DEFAULT-HOSTNAME="wonder-ceo-web.scm.azurewebsites.net" X-Forwarded-Proto="https" X-AppService-Proto="https" X-Forwarded-TlsVersion="1.3" X-WAWS-Unencoded-URL="/api/zipdeploy?isAsync=true" X-Client-IP="199.203.90.233" X-Client-Port="54626" >
  <step title="Cleanup Xml Logs" date="2025-09-16T10:27:44.109" /><!-- duration: 79ms -->
  <step title="ZipPushDeploy" date="2025-09-16T10:27:46.174" >
    <step title="ZipDeploy. Extract zip." date="2025-09-16T10:27:46.326" /><!-- duration: 49ms -->
    <step title="Starting PushDeployAsync" date="2025-09-16T10:27:46.434" /><!-- duration: 10ms -->
    <step title="Removing node_modules symlink" date="2025-09-16T10:27:46.565" >
      <step title="Removing _del_node_modules symlink" date="2025-09-16T10:27:47.084" >
        <step title="Writing artifact to /tmp/zipdeploy/d14ebde0-9d01-4833-9a1f-3574315f7c93.zip" date="2025-09-16T10:27:47.174" >
          <step title="Writing multipart request body to /tmp/zipdeploy/d14ebde0-9d01-4833-9a1f-3574315f7c93.zip" date="2025-09-16T10:27:47.226" /><!-- duration: 40ms -->
        </step><!-- duration: 750ms -->
        <step title="Removing previous build artifact&apos;s manifest file" date="2025-09-16T10:27:48.066" >
          <step title="Start deployment in the background" date="2025-09-16T10:27:48.244" >
            <step title="Acquiring Deployment Lock" date="2025-09-16T10:27:48.854" /><!-- duration: 11ms -->
            <step title="Acquired Deployment Lock" date="2025-09-16T10:27:49.155" /><!-- duration: 40ms -->
          </step><!-- duration: 2082ms -->
        </step><!-- duration: 2489ms -->
        <step title="Outgoing response" date="2025-09-16T10:27:50.656" type="response" statusCode="202" statusText="Accepted" /><!-- duration: 11ms -->
      </step><!-- duration: 3592ms -->
