{"count":3,"results":[{"id":"0471f24c-644d-4947-8899-45d66879b6d9","name":"DEFAULT","city":"Tel Aviv-Yafo","score":0.6,"reason":"services≈99% · availability≈100%","meta":{"serviceScore":0.9999999999999998,"expertiseScore":0,"availabilityRatio":1,"distanceKm":null,"rating":4.474,"reviewsCount":65}},{"id":"07fc2b9b-6dde-4149-8e54-6b90926ab964","name":"GASTROSTOMY_CARE_FEEDING","city":"Tel Aviv-Yafo","score":0.6,"reason":"services≈99% · availability≈100%","meta":{"serviceScore":0.9999999999999998,"expertiseScore":0,"availabilityRatio":1,"distanceKm":null,"rating":4.353,"reviewsCount":104}},{"id":"0926f4f4-1b97-4049-a2a0-bb8e37afa911","name":"PRIVATE_SECURITY_HOSPITAL","city":"Tel Aviv-Yafo","score":0.6,"reason":"services≈99% · availability≈100%","meta":{"serviceScore":0.9999999999999998,"expertiseScore":0,"availabilityRatio":1,"distanceKm":null,"rating":4.504,"reviewsCount":134}}]}
