[
{"scenario":"A","city":"Tel Aviv-Yafo","count":5,"top1_id":"10786aac-6547-4710-9c91-4b41a5512178","top1_score":0.5999999999974293,"latency":338,"valid_schema":"yes"},
{"scenario":"B","city":"Haifa","count":0,"top1_id":"none","top1_score":0,"latency":218,"valid_schema":"yes"},
{"scenario":"C","city":"Ramat-Gan","count":5,"top1_id":"27ad8aa6-6079-44fa-91b5-92a2a08939cf","top1_score":0.1,"latency":190,"valid_schema":"yes"},
{"scenario":"D","city":"Bat-Yam","count":4,"top1_id":"10892520-10be-4eb0-90aa-76a4c6d00dcb","top1_score":0.6,"latency":257,"valid_schema":"yes"},
{"scenario":"E","city":"Kiryat Tivon","count":1,"top1_id":"274d17f4-7520-4e7d-9f63-f5bc795ab667","top1_score":0.30000000000000004,"latency":196,"valid_schema":"yes"},
{"scenario":"F","city":"Tel Aviv-Yafo","count":3,"top1_id":"0471f24c-644d-4947-8899-45d66879b6d9","top1_score":0.6,"latency":184,"valid_schema":"yes"},
{"scenario":"G","city":"Jerusalem","count":10,"top1_id":"0d278ef5-3b2f-4aca-b7e6-751a11365923","top1_score":0.5999999999974293,"latency":188,"valid_schema":"yes"},
{"scenario":"H","city":"Tel Aviv-Yafo","count":5,"top1_id":"0471f24c-644d-4947-8899-45d66879b6d9","top1_score":0.5666666666666667,"latency":189,"valid_schema":"yes"},
{"scenario":"I","city":"Haifa","count":0,"top1_id":"none","top1_score":0,"latency":170,"valid_schema":"yes"},
{"scenario":"J","city":"Tel Aviv-Yafo","count":10,"top1_id":"0471f24c-644d-4947-8899-45d66879b6d9","top1_score":0.30000000000000004,"latency":178,"valid_schema":"yes"}
]
