{"count":4,"results":[{"id":"10892520-10be-4eb0-90aa-76a4c6d00dcb","name":"CATHETER_INSERTION_REPLACEMENT","city":"Bat-Yam","score":0.6,"reason":"services≈99% · availability≈100%","meta":{"serviceScore":0.9999999999999998,"expertiseScore":0,"availabilityRatio":1,"distanceKm":null,"rating":4.564,"reviewsCount":186}},{"id":"3e26e865-c4d5-4597-b7bd-cc16fea1137c","name":"CATHETER_INSERTION_REPLACEMENT","city":"Bat-Yam","score":0.6,"reason":"services≈99% · availability≈100%","meta":{"serviceScore":0.9999999999999998,"expertiseScore":0,"availabilityRatio":1,"distanceKm":null,"rating":4.801,"reviewsCount":173}},{"id":"4983d84e-9875-4322-9ea4-ac9723727925","name":"CATHETER_INSERTION_REPLACEMENT","city":"Bat-Yam","score":0.6,"reason":"services≈99% · availability≈100%","meta":{"serviceScore":0.9999999999999998,"expertiseScore":0,"availabilityRatio":1,"distanceKm":null,"rating":4.192,"reviewsCount":198}},{"id":"bcb120b9-b10e-4dfd-95f6-731d9c244272","name":"CATHETER_INSERTION_REPLACEMENT","city":"Bat-Yam","score":0.6,"reason":"services≈99% · availability≈100%","meta":{"serviceScore":0.9999999999999998,"expertiseScore":0,"availabilityRatio":1,"distanceKm":null,"rating":4.356,"reviewsCount":179}}]}
