﻿<?xml version="1.0" encoding="utf-8"?>
<deployment>
  <id>17872367-a2fa-4316-9e26-05d5608d95d0</id>
  <author>N/A</author>
  <deployer>OneDeploy</deployer>
  <authorEmail>N/A</authorEmail>
  <message>OneDeploy</message>
  <progress></progress>
  <status>Success</status>
  <statusText></statusText>
  <lastSuccessEndTime>2025-09-29T05:33:12.8489325Z</lastSuccessEndTime>
  <receivedTime>2025-09-29T05:33:09.2613795Z</receivedTime>
  <startTime>2025-09-29T05:33:10.8887982Z</startTime>
  <endTime>2025-09-29T05:33:12.8489325Z</endTime>
  <complete>True</complete>
  <is_temp>False</is_temp>
  <is_readonly>True</is_readonly>
  <buildSummary />
</deployment>