{
  "Tel Aviv": {"lat": 32.0853, "lng": 34.7818},
  "Tel Aviv-Yafo": {"lat": 32.0853, "lng": 34.7818},
  "Jerusalem": {"lat": 31.7683, "lng": 35.2137},
  "Haifa": {"lat": 32.7940, "lng": 34.9896},
  "Hefa": {"lat": 32.7940, "lng": 34.9896},
  "Rishon LeTsiyon": {"lat": 31.9636, "lng": 34.8046},
  "Rishon LeZion": {"lat": 31.9636, "lng": 34.8046},
  "Petah Tikva": {"lat": 32.0868, "lng": 34.8867},
  "Petach Tikva": {"lat": 32.0868, "lng": 34.8867},
  "Ashdod": {"lat": 31.8044, "lng": 34.6553},
  "Netanya": {"lat": 32.3215, "lng": 34.8532},
  "Nethanya": {"lat": 32.3215, "lng": 34.8532},
  "Beer Sheva": {"lat": 31.2530, "lng": 34.7915},
  "Beersheba": {"lat": 31.2530, "lng": 34.7915},
  "Beer Yaakov": {"lat": 31.9448, "lng": 34.8362},
  "Beer Ya'akov": {"lat": 31.9448, "lng": 34.8362},
  "Bnei Brak": {"lat": 32.0806, "lng": 34.8338},
  "Holon": {"lat": 32.0153, "lng": 34.7729},
  "Ramat Gan": {"lat": 32.0680, "lng": 34.8243},
  "Ramat-Gan": {"lat": 32.0680, "lng": 34.8243},
  "Ashkelon": {"lat": 31.6658, "lng": 34.5664},
  "Rehovot": {"lat": 31.8914, "lng": 34.8111},
  "Bat Yam": {"lat": 32.0231, "lng": 34.7503},
  "Bat-Yam": {"lat": 32.0231, "lng": 34.7503},
  "Herzliya": {"lat": 32.1660, "lng": 34.8438},
  "Hertsliya": {"lat": 32.1660, "lng": 34.8438},
  "Kfar Saba": {"lat": 32.1750, "lng": 34.9070},
  "Kfar Sava": {"lat": 32.1750, "lng": 34.9070},
  "Hadera": {"lat": 32.4343, "lng": 34.9197},
  "Modi'in": {"lat": 31.9076, "lng": 35.0106},
  "Modiin": {"lat": 31.9076, "lng": 35.0106},
  "Modi'in-Maccabim-Re'ut": {"lat": 31.9076, "lng": 35.0106},
  "Nazareth": {"lat": 32.7036, "lng": 35.2978},
  "Lod": {"lat": 31.9515, "lng": 34.8884},
  "Ramla": {"lat": 31.9291, "lng": 34.8654},
  "Ra'anana": {"lat": 32.1849, "lng": 34.8782},
  "Raanana": {"lat": 32.1849, "lng": 34.8782},
  "Nahariya": {"lat": 33.0114, "lng": 35.0985},
  "Givatayim": {"lat": 32.0717, "lng": 34.8117},
  "Givataim": {"lat": 32.0717, "lng": 34.8117},
  "Hod HaSharon": {"lat": 32.1506, "lng": 34.8885},
  "Rosh HaAyin": {"lat": 32.0956, "lng": 34.9567},
  "Kiryat Ata": {"lat": 32.8111, "lng": 34.9689},
  "Kiryat Gat": {"lat": 31.6103, "lng": 34.7642},
  "Kiryat Yam": {"lat": 32.8406, "lng": 35.0611},
  "Kiryat Motzkin": {"lat": 32.8358, "lng": 35.0764},
  "Kiryat Bialik": {"lat": 32.8275, "lng": 35.0853},
  "Kiryat Ono": {"lat": 32.0634, "lng": 34.8572},
  "Kiryat Malakhi": {"lat": 31.7287, "lng": 34.7463},
  "Kiryat Shmona": {"lat": 33.2078, "lng": 35.5697},
  "Kiryat Tivon": {"lat": 32.7195, "lng": 35.1244},
  "Or Yehuda": {"lat": 32.0296, "lng": 34.8578},
  "Afula": {"lat": 32.6078, "lng": 35.2897},
  "Eilat": {"lat": 29.5577, "lng": 34.9519},
  "Tiberias": {"lat": 32.7922, "lng": 35.5312},
  "Nof HaGalil": {"lat": 32.7072, "lng": 35.3228},
  "Dimona": {"lat": 31.0691, "lng": 35.0342},
  "Yehud": {"lat": 32.0334, "lng": 34.8913},
  "Yehud-Monosson": {"lat": 32.0334, "lng": 34.8913},
  "Zichron Yaakov": {"lat": 32.5734, "lng": 34.9547},
  "Zichron Ya'akov": {"lat": 32.5734, "lng": 34.9547},
  "Karmiel": {"lat": 32.9197, "lng": 35.2906},
  "Nesher": {"lat": 32.7664, "lng": 35.0417},
  "Safed": {"lat": 32.9658, "lng": 35.4983},
  "Tzfat": {"lat": 32.9658, "lng": 35.4983},
  "Arad": {"lat": 31.2589, "lng": 35.2128},
  "Ariel": {"lat": 32.1065, "lng": 35.1842},
  "Yokneam": {"lat": 32.6597, "lng": 35.1103},
  "Sderot": {"lat": 31.5250, "lng": 34.5967},
  "Netivot": {"lat": 31.4178, "lng": 34.5894},
  "Ofakim": {"lat": 31.3131, "lng": 34.6203},
  "Beit Shemesh": {"lat": 31.7514, "lng": 35.0331},
  "Bet Shemesh": {"lat": 31.7514, "lng": 35.0331},
  "Beit Shean": {"lat": 32.5025, "lng": 35.4972},
  "Gan Yavne": {"lat": 31.7894, "lng": 34.7067},
  "Givat Shmuel": {"lat": 32.0781, "lng": 34.8486},
  "Givat Shmu'el": {"lat": 32.0781, "lng": 34.8486},
  "Givat Zeev": {"lat": 31.8608, "lng": 35.1686},
  "Even Yehuda": {"lat": 32.2678, "lng": 34.8856},
  "Ganei Tikva": {"lat": 32.0589, "lng": 34.8736},
  "Caesarea": {"lat": 32.5019, "lng": 34.8915},
  "Qesarya": {"lat": 32.5019, "lng": 34.8915},
  "Pardes Hanna-Karkur": {"lat": 32.4750, "lng": 34.9639},
  "Mazkeret Batya": {"lat": 31.8531, "lng": 34.8428},
  "Gedera": {"lat": 31.8147, "lng": 34.7792},
  "Binyamina": {"lat": 32.5208, "lng": 34.9458},
  "Binyamina-Givat Ada": {"lat": 32.5208, "lng": 34.9458},
  "Kadima-Zoran": {"lat": 32.2778, "lng": 34.9139},
  "Kadima": {"lat": 32.2778, "lng": 34.9139},
  "Tzoran": {"lat": 32.2778, "lng": 34.9139},
  "Ness Ziona": {"lat": 31.9303, "lng": 34.7986},
  "Nes Ziona": {"lat": 31.9303, "lng": 34.7986},
  "Yavne": {"lat": 31.8772, "lng": 34.7400},
  "Tel Mond": {"lat": 32.2550, "lng": 34.9178},
  "Shoham": {"lat": 31.9972, "lng": 34.9483},
  "Tira": {"lat": 32.2333, "lng": 34.9500},
  "Tirat Carmel": {"lat": 32.7597, "lng": 35.0358},
  "Tirat Karmel": {"lat": 32.7597, "lng": 35.0358},
  "Kfar Yona": {"lat": 32.3164, "lng": 34.9347},
  "Or Akiva": {"lat": 32.5075, "lng": 34.9211},
  "Migdal HaEmek": {"lat": 32.6761, "lng": 35.2400},
  "Migdal Haemek": {"lat": 32.6761, "lng": 35.2400},
  "Kiryat Ekron": {"lat": 31.8617, "lng": 34.8211},
  "Qiryat Ekron": {"lat": 31.8617, "lng": 34.8211},
  "Ma'ale Adumim": {"lat": 31.7773, "lng": 35.2983},
  "Maale Adumim": {"lat": 31.7773, "lng": 35.2983},
  "Kiryat Haim": {"lat": 32.8239, "lng": 35.0603},
  "Ahuzat Barak": {"lat": 32.0853, "lng": 34.7818},
  "Alonei Abba": {"lat": 32.7206, "lng": 35.1833},
  "Atlit": {"lat": 32.6889, "lng": 34.9425},
  "Avihayil": {"lat": 32.3089, "lng": 34.8686},
  "Beit Aryeh-Ofarim": {"lat": 32.0350, "lng": 35.0328},
  "Beit Dagan": {"lat": 31.9869, "lng": 34.8283},
  "Beit Ezra": {"lat": 31.7528, "lng": 34.7931},
  "Beit Oved": {"lat": 31.9433, "lng": 34.7808},
  "Ben Zakai": {"lat": 31.8689, "lng": 34.8128},
  "Bitan Aharon": {"lat": 32.3289, "lng": 34.8964},
  "Bnei Dror": {"lat": 31.8903, "lng": 34.7747},
  "Eilon": {"lat": 32.9814, "lng": 35.2319},
  "Ein HaNatziv": {"lat": 32.5061, "lng": 35.4442},
  "Ein Harod": {"lat": 32.5558, "lng": 35.3881},
  "Ein Iron": {"lat": 32.4728, "lng": 35.0117},
  "Einat": {"lat": 32.0703, "lng": 34.9264},
  "Gan Sorek": {"lat": 31.9097, "lng": 34.7967},
  "Gealya": {"lat": 31.8119, "lng": 34.8322},
  "Gealia": {"lat": 31.8119, "lng": 34.8322},
  "Gilat": {"lat": 31.3297, "lng": 34.6508},
  "Givat Ela": {"lat": 31.7631, "lng": 34.9044},
  "Hadar Am": {"lat": 32.2889, "lng": 34.9044},
  "Harish": {"lat": 32.4611, "lng": 35.0433},
  "Hod Hasharon": {"lat": 32.1506, "lng": 34.8885},
  "Hogla": {"lat": 32.2375, "lng": 34.8956},
  "Kfar Haim": {"lat": 32.3811, "lng": 34.9492},
  "Kfar Tavor": {"lat": 32.6867, "lng": 35.4206},
  "Kibbutz Kfar Giladi": {"lat": 33.2436, "lng": 35.5750},
  "Kfar Giladi": {"lat": 33.2436, "lng": 35.5750},
  "Kibbutz Mefalsim": {"lat": 31.4575, "lng": 34.5144},
  "Mefalsim": {"lat": 31.4575, "lng": 34.5144},
  "Kibbutz Saad": {"lat": 31.4947, "lng": 34.5908},
  "Saad": {"lat": 31.4947, "lng": 34.5908},
  "Kochav Yair": {"lat": 32.2222, "lng": 34.9847},
  "Kochav Ya'ir": {"lat": 32.2222, "lng": 34.9847},
  "Kokhav Yair": {"lat": 32.2222, "lng": 34.9847},
  "Kokhav Ya'ir": {"lat": 32.2222, "lng": 34.9847},
  "Lapid": {"lat": 31.9228, "lng": 35.0372},
  "Matan": {"lat": 32.1769, "lng": 34.9272},
  "Meitar": {"lat": 31.3283, "lng": 34.9372},
  "Metzudat Koach": {"lat": 31.3747, "lng": 34.4981},
  "Misgav Dov": {"lat": 32.8875, "lng": 35.2450},
  "Mitzpe Netofa": {"lat": 32.8422, "lng": 35.2767},
  "Moshav Ahituv": {"lat": 32.3906, "lng": 34.9333},
  "Ahituv": {"lat": 32.3906, "lng": 34.9333},
  "Moshav Ben Ami": {"lat": 33.0086, "lng": 35.1181},
  "Ben Ami": {"lat": 33.0086, "lng": 35.1181},
  "Moshav Magshimim": {"lat": 32.0383, "lng": 34.9022},
  "Magshimim": {"lat": 32.0383, "lng": 34.9022},
  "Moshav Omer": {"lat": 31.2642, "lng": 34.8475},
  "Omer": {"lat": 31.2642, "lng": 34.8475},
  "Neve Monosson": {"lat": 32.0097, "lng": 34.8822},
  "Neve Yamin": {"lat": 32.3272, "lng": 34.9064},
  "Nirim": {"lat": 31.3336, "lng": 34.3950},
  "Nordiya": {"lat": 32.3122, "lng": 34.8883},
  "Pardes Hana": {"lat": 32.4750, "lng": 34.9639},
  "Pardesiya": {"lat": 32.2083, "lng": 34.9083},
  "Pardesia": {"lat": 32.2083, "lng": 34.9083},
  "Pardessia": {"lat": 32.2083, "lng": 34.9083},
  "Qalansawe": {"lat": 32.2847, "lng": 34.9819},
  "Qalansuwa": {"lat": 32.2847, "lng": 34.9819},
  "Rechasim": {"lat": 32.7467, "lng": 35.0992},
  "Rekhasim": {"lat": 32.7467, "lng": 35.0992},
  "Rinnatya": {"lat": 31.9444, "lng": 34.8714},
  "Rishon Lezion": {"lat": 31.9636, "lng": 34.8046},
  "Rosh Haayin": {"lat": 32.0956, "lng": 34.9567},
  "Rosh Pina": {"lat": 32.9697, "lng": 35.5425},
  "Rosh Pinna": {"lat": 32.9697, "lng": 35.5425},
  "Savion": {"lat": 32.0483, "lng": 34.8778},
  "Savyon": {"lat": 32.0483, "lng": 34.8778},
  "Sha'arei Tikva": {"lat": 32.1194, "lng": 34.9594},
  "Shaarei Tikva": {"lat": 32.1194, "lng": 34.9594},
  "Shefayim": {"lat": 32.2942, "lng": 34.8247},
  "Shefaim": {"lat": 32.2942, "lng": 34.8247},
  "Tal-El": {"lat": 32.2567, "lng": 34.9750},
  "Tel Aviv Yafo": {"lat": 32.0853, "lng": 34.7818},
  "Tel Aviv-Jaffa": {"lat": 32.0853, "lng": 34.7818},
  "Tel-Aviv": {"lat": 32.0853, "lng": 34.7818},
  "Tiv'on": {"lat": 32.7195, "lng": 35.1244},
  "Tzur Hadassah": {"lat": 31.7192, "lng": 35.0967},
  "Tzur Yigal": {"lat": 32.2372, "lng": 34.9992},
  "Udim": {"lat": 32.2764, "lng": 34.8975},
  "Yad Binyamin": {"lat": 31.8008, "lng": 34.8481},
  "Yad Rambam": {"lat": 31.8692, "lng": 34.8083},
  "Yagur": {"lat": 32.7447, "lng": 35.0778},
  "Yakum": {"lat": 32.2453, "lng": 34.8389},
  "Yarkon": {"lat": 32.1303, "lng": 34.9347},
  "Yarqona": {"lat": 32.1303, "lng": 34.9347},
  "Yehi'am": {"lat": 33.0522, "lng": 35.2175},
  "Yehiam": {"lat": 33.0522, "lng": 35.2175},
  "Zemer": {"lat": 32.6858, "lng": 35.1803},
  "Zikhron Yaakov": {"lat": 32.5734, "lng": 34.9547},
  "Zur Moshe": {"lat": 32.3028, "lng": 34.9203}
}