﻿<?xml version="1.0" encoding="utf-8"?>
<deployment>
  <id>789e1cb4-6d0a-4aa0-94c2-661ffe291b45</id>
  <author>N/A</author>
  <deployer>OneDeploy</deployer>
  <authorEmail>N/A</authorEmail>
  <message>OneDeploy</message>
  <progress></progress>
  <status>Success</status>
  <statusText></statusText>
  <lastSuccessEndTime>2025-09-29T05:55:33.516617Z</lastSuccessEndTime>
  <receivedTime>2025-09-29T05:55:30.0964404Z</receivedTime>
  <startTime>2025-09-29T05:55:31.6118379Z</startTime>
  <endTime>2025-09-29T05:55:33.516617Z</endTime>
  <complete>True</complete>
  <is_temp>False</is_temp>
  <is_readonly>True</is_readonly>
  <buildSummary />
</deployment>