﻿<?xml version="1.0" encoding="utf-8"?>
<deployment>
  <id>b17991a0-aa75-456e-ae35-36013c8f5b69</id>
  <author>N/A</author>
  <deployer>OneDeploy</deployer>
  <authorEmail>N/A</authorEmail>
  <message>OneDeploy</message>
  <progress></progress>
  <status>Success</status>
  <statusText></statusText>
  <lastSuccessEndTime>2025-09-29T05:28:33.2909706Z</lastSuccessEndTime>
  <receivedTime>2025-09-29T05:28:30.1307199Z</receivedTime>
  <startTime>2025-09-29T05:28:31.5871292Z</startTime>
  <endTime>2025-09-29T05:28:33.2909706Z</endTime>
  <complete>True</complete>
  <is_temp>False</is_temp>
  <is_readonly>True</is_readonly>
  <buildSummary />
</deployment>