{"count":10,"results":[{"id":"0471f24c-644d-4947-8899-45d66879b6d9","name":"DEFAULT","city":"Tel Aviv-Yafo","score":0.30000000000000004,"reason":"availability≈100%","meta":{"serviceScore":0,"expertiseScore":0,"availabilityRatio":1,"distanceKm":null,"rating":4.474,"reviewsCount":65}},{"id":"07fc2b9b-6dde-4149-8e54-6b90926ab964","name":"GASTROSTOMY_CARE_FEEDING","city":"Tel Aviv-Yafo","score":0.30000000000000004,"reason":"availability≈100%","meta":{"serviceScore":0,"expertiseScore":0,"availabilityRatio":1,"distanceKm":null,"rating":4.353,"reviewsCount":104}},{"id":"0926f4f4-1b97-4049-a2a0-bb8e37afa911","name":"PRIVATE_SECURITY_HOSPITAL","city":"Tel Aviv-Yafo","score":0.30000000000000004,"reason":"availability≈100%","meta":{"serviceScore":0,"expertiseScore":0,"availabilityRatio":1,"distanceKm":null,"rating":4.504,"reviewsCount":134}},{"id":"0b393676-e13c-4a11-a36d-8c9c04f7f797","name":"MEDICATION","city":"Tel Aviv-Yafo","score":0.30000000000000004,"reason":"availability≈100%","meta":{"serviceScore":0,"expertiseScore":0,"availabilityRatio":1,"distanceKm":null,"rating":4.105,"reviewsCount":125}},{"id":"0b4202aa-028f-4c7c-af29-1d68d8eb1528","name":"BLOOD_TESTS","city":"Tel Aviv-Yafo","score":0.30000000000000004,"reason":"availability≈100%","meta":{"serviceScore":0,"expertiseScore":0,"availabilityRatio":1,"distanceKm":null,"rating":4.26,"reviewsCount":64}},{"id":"0c03283b-f92c-4946-aece-9988b6554b7d","name":"DEFAULT","city":"Tel Aviv-Yafo","score":0.30000000000000004,"reason":"availability≈100%","meta":{"serviceScore":0,"expertiseScore":0,"availabilityRatio":1,"distanceKm":null,"rating":4.83,"reviewsCount":89}},{"id":"0d9e03d7-d4e5-4b92-9aae-5553bc7b4669","name":"DEFAULT","city":"Tel Aviv-Yafo","score":0.30000000000000004,"reason":"availability≈100%","meta":{"serviceScore":0,"expertiseScore":0,"availabilityRatio":1,"distanceKm":null,"rating":4.9190000000000005,"reviewsCount":70}},{"id":"0df66358-9fab-4b70-a725-326bcf644f5f","name":"PRIVATE_SECURITY_HOSPITAL","city":"Tel Aviv-Yafo","score":0.30000000000000004,"reason":"availability≈100%","meta":{"serviceScore":0,"expertiseScore":0,"availabilityRatio":1,"distanceKm":null,"rating":4.03,"reviewsCount":149}},{"id":"0ed40d5f-f012-453d-a38c-63d24cb03b96","name":"PRIVATE_SECURITY_HOSPITAL","city":"Tel Aviv-Yafo","score":0.30000000000000004,"reason":"availability≈100%","meta":{"serviceScore":0,"expertiseScore":0,"availabilityRatio":1,"distanceKm":null,"rating":4.741,"reviewsCount":77}},{"id":"10786aac-6547-4710-9c91-4b41a5512178","name":"CENTRAL_CATHETER_TREATMENT","city":"Tel Aviv-Yafo","score":0.30000000000000004,"reason":"availability≈100%","meta":{"serviceScore":0,"expertiseScore":0,"availabilityRatio":1,"distanceKm":null,"rating":4.479,"reviewsCount":171}}]}
