{"count":10,"results":[{"id":"0d278ef5-3b2f-4aca-b7e6-751a11365923","name":"CENTRAL_CATHETER_TREATMENT","city":"Jerusalem","score":0.5999999999974293,"reason":"services≈99% · availability≈100%","meta":{"serviceScore":0.999999999991431,"expertiseScore":0,"availabilityRatio":1,"distanceKm":null,"rating":4.588,"reviewsCount":166}},{"id":"2ccb45b6-0544-42a5-bdf5-17b72464169a","name":"CATHETER_INSERTION_REPLACEMENT","city":"Jerusalem","score":0.5999999999974293,"reason":"services≈99% · availability≈100%","meta":{"serviceScore":0.999999999991431,"expertiseScore":0,"availabilityRatio":1,"distanceKm":null,"rating":4.118,"reviewsCount":123}},{"id":"3a37acbb-6389-45d7-9e88-316f83ba7f28","name":"DAY_NIGHT_CIRCUMCISION_NURSE","city":"Jerusalem","score":0.5999999999974293,"reason":"services≈99% · availability≈100%","meta":{"serviceScore":0.999999999991431,"expertiseScore":0,"availabilityRatio":1,"distanceKm":null,"rating":4.336,"reviewsCount":119}},{"id":"42230c64-e5f2-4e90-af36-965ebb6ce600","name":"CATHETER_INSERTION_REPLACEMENT","city":"Jerusalem","score":0.5999999999974293,"reason":"services≈99% · availability≈100%","meta":{"serviceScore":0.999999999991431,"expertiseScore":0,"availabilityRatio":1,"distanceKm":null,"rating":4.888,"reviewsCount":108}},{"id":"45b60037-a6e4-4928-b742-b9a495caaaec","name":"PRIVATE_SECURITY_HOME","city":"Jerusalem","score":0.5999999999974293,"reason":"services≈99% · availability≈100%","meta":{"serviceScore":0.999999999991431,"expertiseScore":0,"availabilityRatio":1,"distanceKm":null,"rating":4.844,"reviewsCount":192}},{"id":"5ad17c01-55e1-4d43-bb35-bcbb92a71b22","name":"DAY_NIGHT_CIRCUMCISION_NURSE","city":"Jerusalem","score":0.5999999999974293,"reason":"services≈99% · availability≈100%","meta":{"serviceScore":0.999999999991431,"expertiseScore":0,"availabilityRatio":1,"distanceKm":null,"rating":4.775,"reviewsCount":84}},{"id":"67e4c1cf-141e-4cff-a952-c92956afa70e","name":"CATHETER_INSERTION_REPLACEMENT","city":"Jerusalem","score":0.5999999999974293,"reason":"services≈99% · availability≈100%","meta":{"serviceScore":0.999999999991431,"expertiseScore":0,"availabilityRatio":1,"distanceKm":null,"rating":4.871,"reviewsCount":169}},{"id":"6cdb2fc2-ba24-4714-9de9-664ae6b7166c","name":"DAY_NIGHT_CIRCUMCISION_NURSE","city":"Jerusalem","score":0.5999999999974293,"reason":"services≈99% · availability≈100%","meta":{"serviceScore":0.999999999991431,"expertiseScore":0,"availabilityRatio":1,"distanceKm":null,"rating":4.858,"reviewsCount":179}},{"id":"84c711a9-533f-4328-aa9a-2fc8fd4f3de3","name":"DAY_NIGHT_CIRCUMCISION_NURSE","city":"Jerusalem","score":0.5999999999974293,"reason":"services≈99% · availability≈100%","meta":{"serviceScore":0.999999999991431,"expertiseScore":0,"availabilityRatio":1,"distanceKm":null,"rating":4.051,"reviewsCount":82}},{"id":"9601f9ad-c5d5-4596-8ad9-7d30bdcd3749","name":"CENTRAL_CATHETER_TREATMENT","city":"Jerusalem","score":0.5999999999974293,"reason":"services≈99% · availability≈100%","meta":{"serviceScore":0.999999999991431,"expertiseScore":0,"availabilityRatio":1,"distanceKm":null,"rating":4.044,"reviewsCount":63}}]}
