﻿<?xml version="1.0" encoding="utf-8"?>
<deployment>
  <id>bfd8742a-4a32-467b-876b-95ac8da54e9d</id>
  <author>N/A</author>
  <deployer>OneDeploy</deployer>
  <authorEmail>N/A</authorEmail>
  <message>OneDeploy</message>
  <progress></progress>
  <status>Success</status>
  <statusText></statusText>
  <lastSuccessEndTime>2025-09-29T07:17:48.1323401Z</lastSuccessEndTime>
  <receivedTime>2025-09-29T07:17:42.0003962Z</receivedTime>
  <startTime>2025-09-29T07:17:43.414858Z</startTime>
  <endTime>2025-09-29T07:17:48.1323401Z</endTime>
  <complete>True</complete>
  <is_temp>False</is_temp>
  <is_readonly>True</is_readonly>
  <buildSummary />
</deployment>