{
  "total_records": 457,
  "unique_nurses": 457,
  "municipality_distribution": {
    "Nethanya": 142,
    "Herzliya": 126,
    "Kfar Tavor": 87,
    "Givat Shmuel": 87,
    "Tel Aviv-Yafo": 292,
    "Jerusalem": 185,
    "Rishon LeTsiyon": 184,
    "Petach Tikva": 192,
    "Pardes Hanna-Karkur": 5,
    "Beer Yaakov": 28,
    "Hadera": 84,
    "תל אביב-יפו": 112,
    "Ramat-Gan": 245,
    "Givatayim": 99,
    "Beit Dagan": 9,
    "Kefar Sava": 105,
    "Bat-Yam": 34,
    "חיפה": 176,
    "Rehovoth": 96,
    "Hefa": 161,
    "Beer Ya'akov": 91,
    "Ashkelon": 49,
    "Rishon Lezion": 10,
    "Holon": 111,
    "Kfar Tapuach": 59,
    "Ness Ziona": 104,
    "Ganei Tikva": 73,
    "Beit Oved": 7,
    "Pardes Hana-Karkur": 99,
    "Or Akiva": 14,
    "Ramat Hasharon": 76,
    "Even Yehuda": 6,
    "Mevaseret Zion": 7,
    "Afula": 12,
    "רמת גן": 114,
    "ירושלים": 62,
    "Mevo Horon": 72,
    "Ramla": 10,
    "Qatsrin": 18,
    "פתח תקווה": 40,
    "Ein HaNatziv": 8,
    "Kiryat Tivon": 21,
    "Raanana": 73,
    "מגדל העמק": 1,
    "Einat": 2,
    "Givat Shmu'el": 8,
    "בת ים": 10,
    "Rosh Haayin": 80,
    "Modiin Makabim-Re'ut": 27,
    "Beer Sheva": 64,
    "באר יעקב": 9,
    "Bnei Brak": 33,
    "נס ציונה": 8,
    "Qiryat Malakhi": 15,
    "Merkaz Shapira": 9,
    "כפר סבא": 53,
    "Ashdod": 63,
    "זכרון יעקב": 9,
    "Rehovot": 35,
    "Qiryat Yam": 18,
    "Shoham": 43,
    "Tiberias": 45,
    "הרצליה": 6,
    "Givat Ela": 8,
    "Migdal HaEmek": 8,
    "Gan Yavne": 11,
    "Beersheba": 84,
    "Karmiel": 28,
    "Omer": 9,
    "Modiin-Maccabim-Reut": 37,
    "Safed": 7,
    "Shadmot Mehola": 23,
    "Pardesiya": 8,
    "Tel Yitzhak": 4,
    "Gan Sorek": 8,
    "Maale Adumim": 4,
    "בנימינה גבעת עדה": 6,
    "Hadar Am": 2,
    "לוד": 21,
    "Modiin-Maccabim-Re'ut": 11,
    "Kiryat Ono": 33,
    "Kiryat Yearim": 3,
    "Kfar Vitkin": 5,
    "רחובות": 25,
    "Oranit": 3,
    "Caesarea": 22,
    "Nordiya": 6,
    "Ramat Gan": 7,
    "חצור הגלילית": 1,
    "Ramat HaSharon": 22,
    "Kadima Zoran": 2,
    "Ein Harod": 2,
    "Mevo Beitar": 5,
    "Nesher": 17,
    "Bnei Dror": 13,
    "Qiryat Gat": 16,
    "Netanya": 6,
    "טבריה": 3,
    "סביון": 17,
    "גדרה": 3,
    "Binyamina-Givat Ada": 4,
    "Poria - Neve Oved": 2,
    "Hod HaSharon": 24,
    "Bet Shemesh": 2,
    "Mashabei Sadeh": 7,
    "Karnei Shomron": 1,
    "Atlit": 5,
    "חדרה": 15,
    "Dimona": 4,
    "תל יצחק": 1,
    "Qiryat Bialik": 8,
    "Hertsliya": 12,
    "Netivot": 3,
    "גבעתיים": 4,
    "Givat Zeev": 2,
    "Or Yehuda": 5,
    "קיסריה": 1,
    "Arad": 4,
    "Petahia": 4,
    "Beit Aryeh-Ofarim": 7,
    "Kfar Shmaryahu": 4,
    "Tzur Yitzhak": 6,
    "Tirat Carmel": 9,
    "עומר": 12,
    "משאבי שדה": 4,
    "Bitan Aharon": 1,
    "גני תקווה": 5,
    "Beit Ezra": 3,
    "Qiryat Motzkin": 4,
    "ערוגות": 3,
    "נתניה": 4,
    "כפר תפוח": 1,
    "Neve Michael": 2,
    "Ben Zakai": 1,
    "Tel Sheva": 3,
    "Ora": 2,
    "Petah Tikva": 11,
    "Lod": 1,
    "Avihayil": 3,
    "Kafr Qara": 6,
    "Qiryat Ata": 5,
    "Yavne": 8,
    "ראשון לציון": 2,
    "Yad Binyamin": 6,
    "באר שבע": 7,
    "געש": 1,
    "Yehud-Monosson": 5,
    "Sderot": 5,
    "אשדוד": 3,
    "Maalot-Tarshiha": 3,
    "Kfar Habad": 2,
    "Kfar Saba": 4,
    "Alonei Abba": 2,
    "Yokneam Illit": 6,
    "Ariel": 6,
    "תל שבע": 2,
    "אריאל": 1,
    "Magen Shaul": 2,
    "בני ברק": 7,
    "אשקלון": 6,
    "Gealya": 1,
    "כפר ויתקין": 2,
    "Karmia": 1,
    "רעננה": 5,
    "כפר מנדא": 1,
    "דימונה": 1,
    "Rahat": 2,
    "מרכז שפירא": 1,
    "Beit Shean": 2,
    "Gilat": 2,
    "Ein Iron": 1,
    "Qiryat Shemona": 1,
    "Yakhini": 1,
    "כפר יונה": 2,
    "רמלה": 1,
    "Ramot": 1,
    "Nehalim": 1,
    "Eilat": 3,
    "Netiv HaShayara": 1,
    "Kfar HaNagid": 2,
    "Manof": 1,
    "גן יבנה": 1,
    "Nahariya": 2,
    "רהט": 1,
    "הזורעים": 1,
    "Tel Aviv-Jaffa": 1,
    "תל מונד": 1,
    "Rotem": 2,
    "רמת השרון": 1,
    "Lohamei HaGetaot": 1,
    "Kfar Yona": 1,
    "Nahariyya": 1,
    "עפולה": 1,
    "רמות": 1,
    "פרדס חנה כרכור": 1,
    "Ahuzat Barak": 1,
    "עינת": 1,
    "Harish": 1,
    "Eilon": 2
  },
  "status_distribution": {
    "CLOSED": 418,
    "CANCELLED": 412,
    "APPROVED": 51,
    "PENDING": 2,
    "ACTIVE": 4
  },
  "mobility_distribution": {
    "WALKING_CANE": 221,
    "INDEPENDENT": 428,
    "BEDRIDDEN": 311,
    "WHEELCHAIR": 267,
    "WALKER": 336
  },
  "report_timestamp": "2025-09-09T06:36:31.299077"
}