﻿<?xml version="1.0" encoding="utf-8"?>
<deployment>
  <id>00846c0d-e231-41c3-846c-86d40a0f5238</id>
  <author>N/A</author>
  <deployer>OneDeploy</deployer>
  <authorEmail>N/A</authorEmail>
  <message>OneDeploy</message>
  <progress></progress>
  <status>Success</status>
  <statusText></statusText>
  <lastSuccessEndTime>2025-09-15T12:28:06.4694385Z</lastSuccessEndTime>
  <receivedTime>2025-09-15T12:27:57.3516347Z</receivedTime>
  <startTime>2025-09-15T12:27:58.6803952Z</startTime>
  <endTime>2025-09-15T12:28:06.4694385Z</endTime>
  <complete>True</complete>
  <is_temp>False</is_temp>
  <is_readonly>True</is_readonly>
  <buildSummary />
</deployment>