{"scenarios": [
{"scenario":"A","label":"Tel Aviv wound care nurses (wider radius)","count":3,"latency_ms":83,"schema_valid":"true","first_3_ids":"fa6a96c5-e46e-47db-8fbe-cc3494c6ab08, 408e1cb8-d5ac-4c29-99f8-9719ed41c25e, 86ae65f9-8ee8-4a59-b0f0-abbbd88339a8","mean_score":4.5625},
{"scenario":"B","label":"Haifa urgent medication (wider radius)","count":0,"latency_ms":67,"schema_valid":"true","first_3_ids":"","mean_score":0},
{"scenario":"C","label":"Ramat-Gan pediatrics with time window","count":0,"latency_ms":96,"schema_valid":"true","first_3_ids":"","mean_score":0},
{"scenario":"D","label":"Bat-Yam general nurses (extended radius)","count":3,"latency_ms":53,"schema_valid":"true","first_3_ids":"deb4d10e-ca57-43c2-8907-5d916d6afd01, 59398c0c-9639-4f51-a37b-19ae53763b99, 4983d84e-9875-4322-9ea4-ac9723727925","mean_score":4.241},
{"scenario":"E","label":"Kiryat Tivon general care (wide search)","count":3,"latency_ms":51,"schema_valid":"true","first_3_ids":"274d17f4-7520-4e7d-9f63-f5bc795ab667, 67f47168-61b2-47bf-a1a4-de4c65b3e1de, 0dcfd77e-de69-467a-bab7-b5212b4dcfc5","mean_score":4.1895},
{"scenario":"F","label":"Tel Aviv hospital services (extended)","count":3,"latency_ms":45,"schema_valid":"true","first_3_ids":"4e658a0f-bcf7-434b-bf92-dd55f4f5be34, fa6a96c5-e46e-47db-8fbe-cc3494c6ab08, a30fa6c5-9fbb-420a-9aaf-e0af40a29b8a","mean_score":4.9095},
{"scenario":"G","label":"Jerusalem home care services (wider)","count":0,"latency_ms":45,"schema_valid":"true","first_3_ids":"","mean_score":0},
{"scenario":"H","label":"Beer Sheva afternoon availability","count":2,"latency_ms":45,"schema_valid":"true","first_3_ids":"3427d8f5-b613-4644-b846-f1485f7038bd, 1ea503f2-55f0-4d82-b4bf-0e417170f366","mean_score":4.2935},
{"scenario":"I","label":"Netanya urgent general care","count":0,"latency_ms":48,"schema_valid":"true","first_3_ids":"","mean_score":0},
{"scenario":"J","label":"Ashdod morning general care","count":3,"latency_ms":46,"schema_valid":"true","first_3_ids":"292d6495-7935-4a0d-83d4-8133c9f1239d, f317deba-4d1b-41cb-ab98-2ad37bb1a30f, d1508f90-7d2a-4f20-8419-9e482f3d21b1","mean_score":3.964}
]}
