{"count":5,"results":[{"id":"27ad8aa6-6079-44fa-91b5-92a2a08939cf","name":"CENTRAL_CATHETER_TREATMENT","city":"Ramat-Gan","score":0.1,"reason":"","meta":{"serviceScore":0,"expertiseScore":0,"availabilityRatio":0,"distanceKm":null,"rating":4.286,"reviewsCount":85}},{"id":"52b8f034-c1d4-4448-a4dd-ad536713ae45","name":"DEFAULT","city":"Ramat-Gan","score":0.1,"reason":"","meta":{"serviceScore":0,"expertiseScore":0,"availabilityRatio":0,"distanceKm":null,"rating":4.757,"reviewsCount":72}},{"id":"52bb2474-bd09-4e0d-b1fd-f0eb8280194c","name":"DEFAULT","city":"Ramat-Gan","score":0.1,"reason":"","meta":{"serviceScore":0,"expertiseScore":0,"availabilityRatio":0,"distanceKm":null,"rating":4.226,"reviewsCount":124}},{"id":"5c13d7d3-5644-4e81-97a3-e96b1e8ff71f","name":"DAY_NIGHT_CIRCUMCISION_NURSE","city":"Ramat-Gan","score":0.1,"reason":"","meta":{"serviceScore":0,"expertiseScore":0,"availabilityRatio":0,"distanceKm":null,"rating":4.13,"reviewsCount":137}},{"id":"5cef1252-1127-4bba-a97b-8c7826d2ed18","name":"CENTRAL_CATHETER_TREATMENT","city":"Ramat-Gan","score":0.1,"reason":"","meta":{"serviceScore":0,"expertiseScore":0,"availabilityRatio":0,"distanceKm":null,"rating":4.843,"reviewsCount":96}}]}
