{"count":5,"results":[{"id":"0471f24c-644d-4947-8899-45d66879b6d9","name":"DEFAULT","city":"Tel Aviv-Yafo","score":0.5666666666666667,"reason":"services≈88% · availability≈100%","meta":{"serviceScore":0.8888888888888888,"expertiseScore":0,"availabilityRatio":1,"distanceKm":null,"rating":4.474,"reviewsCount":65}},{"id":"0b393676-e13c-4a11-a36d-8c9c04f7f797","name":"MEDICATION","city":"Tel Aviv-Yafo","score":0.5666666666666667,"reason":"services≈88% · availability≈100%","meta":{"serviceScore":0.8888888888888888,"expertiseScore":0,"availabilityRatio":1,"distanceKm":null,"rating":4.105,"reviewsCount":125}},{"id":"0d9e03d7-d4e5-4b92-9aae-5553bc7b4669","name":"DEFAULT","city":"Tel Aviv-Yafo","score":0.5666666666666667,"reason":"services≈88% · availability≈100%","meta":{"serviceScore":0.8888888888888888,"expertiseScore":0,"availabilityRatio":1,"distanceKm":null,"rating":4.9190000000000005,"reviewsCount":70}},{"id":"20b321dd-41f8-4038-b591-e5101f9f7183","name":"DEFAULT","city":"Tel Aviv-Yafo","score":0.5666666666666667,"reason":"services≈88% · availability≈100%","meta":{"serviceScore":0.8888888888888888,"expertiseScore":0,"availabilityRatio":1,"distanceKm":null,"rating":4.746,"reviewsCount":163}},{"id":"2c61e2dd-b63c-47e3-ae49-cbc7fadd9979","name":"CATHETER_INSERTION_REPLACEMENT","city":"Tel Aviv-Yafo","score":0.5666666666666667,"reason":"services≈88% · availability≈100%","meta":{"serviceScore":0.8888888888888888,"expertiseScore":0,"availabilityRatio":1,"distanceKm":null,"rating":4.496,"reviewsCount":59}}]}
