﻿<?xml version="1.0" encoding="utf-8"?>
<deployment>
  <id>bf91d569-6a7a-4caf-bae1-279503eeb2ad</id>
  <author>N/A</author>
  <deployer>OneDeploy</deployer>
  <authorEmail>N/A</authorEmail>
  <message>OneDeploy</message>
  <progress></progress>
  <status>Success</status>
  <statusText></statusText>
  <lastSuccessEndTime>2025-09-15T12:42:11.695192Z</lastSuccessEndTime>
  <receivedTime>2025-09-15T12:42:02.0702598Z</receivedTime>
  <startTime>2025-09-15T12:42:03.9678287Z</startTime>
  <endTime>2025-09-15T12:42:11.695192Z</endTime>
  <complete>True</complete>
  <is_temp>False</is_temp>
  <is_readonly>True</is_readonly>
  <buildSummary />
</deployment>