﻿<?xml version="1.0" encoding="utf-8"?>
<deployment>
  <id>94c2b865-91d5-4e99-997e-8ae5d26712a2</id>
  <author>N/A</author>
  <deployer>OneDeploy</deployer>
  <authorEmail>N/A</authorEmail>
  <message>OneDeploy</message>
  <progress></progress>
  <status>Success</status>
  <statusText></statusText>
  <lastSuccessEndTime>2025-09-29T07:20:35.2374033Z</lastSuccessEndTime>
  <receivedTime>2025-09-29T07:20:30.7835784Z</receivedTime>
  <startTime>2025-09-29T07:20:32.3029703Z</startTime>
  <endTime>2025-09-29T07:20:35.2374033Z</endTime>
  <complete>True</complete>
  <is_temp>False</is_temp>
  <is_readonly>True</is_readonly>
  <buildSummary />
</deployment>