﻿<?xml version="1.0" encoding="utf-8"?>
<deployment>
  <id>809aae82-84bd-437c-af10-47fe613f652e</id>
  <author>N/A</author>
  <deployer>OneDeploy</deployer>
  <authorEmail>N/A</authorEmail>
  <message>OneDeploy</message>
  <progress></progress>
  <status>Success</status>
  <statusText></statusText>
  <lastSuccessEndTime>2025-09-15T12:45:50.0635644Z</lastSuccessEndTime>
  <receivedTime>2025-09-15T12:44:53.3784657Z</receivedTime>
  <startTime>2025-09-15T12:44:54.7094165Z</startTime>
  <endTime>2025-09-15T12:45:50.0635644Z</endTime>
  <complete>True</complete>
  <is_temp>False</is_temp>
  <is_readonly>True</is_readonly>
  <buildSummary />
</deployment>