<step title="Incoming Request" date="2025-09-29T07:17:36.272" instance="94a41b" url="/api/publish?type=zip&amp;async=True" method="POST" type="request" pid="829,1,69" Accept="*/*" Host="wonder-ceo-web.scm.azurewebsites.net" User-Agent="AZURECLI/2.77.0 (DEB)" Accept-Encoding="gzip, deflate" Authorization="Bea..." Cache-Control="no-cache" Content-Type="application/octet-stream" Cookie="ARRAffinity=94a41bc1b0bad4b76ec8de5af5839092b53f106e22f1ec1633d69c4db331a7c4; ARRAffinitySameSite=94a41bc1b0bad4b76ec8de5af5839092b53f106e22f1ec1633d69c4db331a7c4" Content-Length="7952572" x-ms-client-request-id="5a005198-9d04-11f0-86df-00155df454f1" x-ms-artifact-checksum="aedaa3f81d1205c7752a4000f2032e15e718ebf1f7b4d75bff87543ecab3b357" X-ARR-LOG-ID="5a005198-9d04-11f0-86df-00155df454f1" CLIENT-IP="199.203.90.233:57127" X-SITE-DEPLOYMENT-ID="wonder-ceo-web" WAS-DEFAULT-HOSTNAME="wonder-ceo-web.scm.azurewebsites.net" X-Forwarded-Proto="https" X-AppService-Proto="https" X-Forwarded-TlsVersion="1.3" X-WAWS-Unencoded-URL="/api/publish?type=zip&amp;async=True" X-Client-IP="199.203.90.233" X-Client-Port="57127" >
  <step title="OneDeploy" date="2025-09-29T07:17:36.295" >
    <step title="Starting PushDeployAsync" date="2025-09-29T07:17:36.310" /><!-- duration: 5ms -->
    <step title="WEBSITE_RUN_FROM_PACKAGE is set to 1. Writing zip to SitePackagesPath" date="2025-09-29T07:17:36.325" /><!-- duration: 7ms -->
    <step title="Copying zip to SitePackages /home/data/SitePackages/20250929071736.zip from request body" date="2025-09-29T07:17:36.343" /><!-- duration: 11ms -->
    <step title="Writing multipart request body to /home/data/SitePackages/20250929071736.zip" date="2025-09-29T07:17:36.382" /><!-- duration: 18ms -->
    <step title="Deleting outdated zip file /home/data/SitePackages/20250929053301.zip" date="2025-09-29T07:17:38.203" /><!-- duration: 11ms -->
    <step title="Start deployment in the background" date="2025-09-29T07:17:38.232" >
      <step title="Acquiring Deployment Lock" date="2025-09-29T07:17:38.282" /><!-- duration: 6ms -->
      <step title="Acquired Deployment Lock" date="2025-09-29T07:17:38.339" /><!-- duration: 8ms -->
    </step><!-- duration: 230ms -->
  </step><!-- duration: 2175ms -->
  <step title="Outgoing response" date="2025-09-29T07:17:38.478" type="response" statusCode="202" statusText="Accepted" /><!-- duration: 14ms -->
</step><!-- duration: 2232ms -->
