<step title="BackgroundTrace" date="2025-09-29T07:11:35.864" instance="94a41b" url="/api/publish" method="POST" >
  <step title="Cleanup Xml Logs" date="2025-09-29T07:11:35.883" /><!-- duration: 137ms -->
  <step title="Creating temporary deployment - FetchDeploymentManager" date="2025-09-29T07:11:36.444" /><!-- duration: 74ms -->
  <step title="Creating temporary deployment" date="2025-09-29T07:11:36.572" /><!-- duration: 342ms -->
  <step title="Performing fetch based deployment" date="2025-09-29T07:11:37.761" >
    <step title="Deployment timer started" date="2025-09-29T07:11:41.691" >
      <step title="DeploymentManager.Deploy(id:88c4897e-4fee-40e2-8456-59a863fd1432)" date="2025-09-29T07:11:41.771" >
        <step title="Collecting changeset information" date="2025-09-29T07:11:41.964" /><!-- duration: 295ms -->
        <step title="Updating submodules" date="2025-09-29T07:11:42.316" /><!-- duration: 1440ms -->
        <step title="Determining deployment builder" date="2025-09-29T07:11:44.735" >
          <step title="Builder is RunFromZipSiteBuilder" date="2025-09-29T07:11:44.949" /><!-- duration: 117ms -->
        </step><!-- duration: 408ms -->
        <step title="PreDeployment: context.CleanOutputPath False" date="2025-09-29T07:11:47.835" >
          <step title="PreDeployment: context.OutputPath /home/site/wwwroot" date="2025-09-29T07:11:48.371" >
            <step title="Building" date="2025-09-29T07:11:48.998" >
              <step title="Modified file to trigger a restart of the app container." date="2025-09-29T07:11:50.994" /><!-- duration: 65ms -->
              <step title="Skip function trigger and logicapp sync because function is not enabled." date="2025-09-29T07:11:51.089" /><!-- duration: 41ms -->
              <step title="Purge deployment items" date="2025-09-29T07:11:54.362" >
                <step title="Remove 671b9fd5-, Success, received at 09/28/2025 13:09:03" date="2025-09-29T07:11:54.628" /><!-- duration: 48ms -->
              </step><!-- duration: 362ms -->
            </step><!-- duration: 5890ms -->
          </step><!-- duration: 6539ms -->
          <step title="Cleaning up temp files" date="2025-09-29T07:11:54.930" /><!-- duration: 58ms -->
          <step title="Cleaning up temp files" date="2025-09-29T07:11:55.007" /><!-- duration: 533ms -->
          <step title="Reloading status file with latest updates" date="2025-09-29T07:11:55.723" >
            <step title="WebHooksManager.PublishEventAsync: PostDeployment" date="2025-09-29T07:11:55.774" /><!-- duration: 99ms -->
          </step><!-- duration: 168ms -->
          <step title="Cleaning up temporary deployment - fetch deployment was successful" date="2025-09-29T07:11:55.913" /><!-- duration: 17ms -->
        </step><!-- duration: 8272ms -->
      </step><!-- duration: 14473ms -->
