<step title="Incoming Request" date="2025-09-25T13:52:43.087" instance="b45a72" url="/api/publish?type=zip" method="POST" type="request" pid="823,1,24" Accept="*/*" Host="wonder-ceo-web.scm.azurewebsites.net" User-Agent="AZURECLI/2.77.0 (DEB)" Accept-Encoding="gzip, deflate" Authorization="Bea..." Cache-Control="no-cache" Content-Type="application/octet-stream" Cookie="ARRAffinity=b45a72993595e7c2cff6388991a94deb8c993acf95a5c3755ecae7cdb9813e82; ARRAffinitySameSite=b45a72993595e7c2cff6388991a94deb8c993acf95a5c3755ecae7cdb9813e82" Content-Length="238839" x-ms-client-request-id="e0df705e-9a16-11f0-86df-00155d9679fb" x-ms-artifact-checksum="86051bddcf19bc3b2e13f54271e1c2979dea8a1f2627976c0f0d36d7cae07c28" X-ARR-LOG-ID="e0df705e-9a16-11f0-86df-00155d9679fb" CLIENT-IP="199.203.90.233:61827" X-SITE-DEPLOYMENT-ID="wonder-ceo-web" WAS-DEFAULT-HOSTNAME="wonder-ceo-web.scm.azurewebsites.net" X-Forwarded-Proto="https" X-AppService-Proto="https" X-Forwarded-TlsVersion="1.3" X-WAWS-Unencoded-URL="/api/publish?type=zip" X-Client-IP="199.203.90.233" X-Client-Port="61827" >
  <step title="OneDeploy" date="2025-09-25T13:52:43.139" >
    <step title="Starting PushDeployAsync" date="2025-09-25T13:52:43.153" /><!-- duration: 6ms -->
    <step title="Writing artifact to /tmp/zipdeploy/7921c810-da14-4a9b-8691-a5567a7ae3b0.zip" date="2025-09-25T13:52:43.188" >
      <step title="Writing multipart request body to /tmp/zipdeploy/7921c810-da14-4a9b-8691-a5567a7ae3b0.zip" date="2025-09-25T13:52:43.381" /><!-- duration: 57ms -->
    </step><!-- duration: 852ms -->
    <step title="Attempting to fetch target branch HEAD" date="2025-09-25T13:52:44.152" /><!-- duration: 9ms -->
    <step title="Acquiring Deployment Lock" date="2025-09-25T13:52:44.175" /><!-- duration: 7ms -->
    <step title="Acquired Deployment Lock" date="2025-09-25T13:52:44.223" /><!-- duration: 4ms -->
    <step title="Performing fetch based deployment" date="2025-09-25T13:52:44.234" >
      <step title="Creating temporary deployment" date="2025-09-25T13:52:44.246" /><!-- duration: 85ms -->
      <step title="Releasing Deployment Lock" date="2025-09-25T13:52:45.661" /><!-- duration: 42ms -->
      <step title="Cleaning up temp folders from previous zip deployments and extracting pushed zip file /tmp/zipdeploy/7921c810-da14-4a9b-8691-a5567a7ae3b0.zip (0.23 MB) to /tmp/zipdeploy/extracted" date="2025-09-25T13:52:45.800" >
        <step title="ChmodRecursive Process exited with total time taken in ms: 699" date="2025-09-25T13:52:46.886" /><!-- duration: 33ms -->
      </step><!-- duration: 1125ms -->
      <step title="None repository commit" date="2025-09-25T13:52:46.937" >
        <step title="Commit id: 8bef1566-b416-4407-94ca-127ca9c39bd3" date="2025-09-25T13:52:46.966" Message="OneDeploy" AuthorName="N/A" AuthorEmail="N/A" /><!-- duration: 49ms -->
      </step><!-- duration: 99ms -->
      <step title="Deployment timer started" date="2025-09-25T13:52:49.050" >
        <step title="DeploymentManager.Deploy(id:8bef1566-b416-4407-94ca-127ca9c39bd3)" date="2025-09-25T13:52:49.055" >
          <step title="Collecting changeset information" date="2025-09-25T13:52:49.093" /><!-- duration: 149ms -->
          <step title="Updating submodules" date="2025-09-25T13:52:49.273" /><!-- duration: 1164ms -->
          <step title="Determining deployment builder" date="2025-09-25T13:52:50.689" >
            <step title="Builder is OneDeployBuilder" date="2025-09-25T13:52:50.699" /><!-- duration: 5ms -->
          </step><!-- duration: 20ms -->
          <step title="PreDeployment: context.CleanOutputPath False" date="2025-09-25T13:52:50.760" >
            <step title="PreDeployment: context.OutputPath /home/site/wwwroot" date="2025-09-25T13:52:50.945" >
              <step title="Building" date="2025-09-25T13:52:51.112" >
                <step title="Executing external process" date="2025-09-25T13:52:52.864" type="process" path="starter.sh" arguments="/opt/Kudu/Scripts/parallel_rsync.sh /tmp/zipdeploy/extracted /home/site/wwwroot 8 /tmp/ False False  " /><!-- duration: 2805ms -->
                <step title="Modified file to trigger a restart of the app container." date="2025-09-25T13:52:56.142" /><!-- duration: 3ms -->
                <step title="Skip function trigger and logicapp sync because function is not enabled." date="2025-09-25T13:52:56.152" /><!-- duration: 11ms -->
                <step title="Purge deployment items" date="2025-09-25T13:52:57.545" >
                  <step title="Remove bf91d569-, Success, received at 09/15/2025 12:42:02" date="2025-09-25T13:52:57.619" /><!-- duration: 3ms -->
                </step><!-- duration: 79ms -->
              </step><!-- duration: 6584ms -->
            </step><!-- duration: 6758ms -->
            <step title="Cleaning up temp files" date="2025-09-25T13:52:57.706" /><!-- duration: 4ms -->
            <step title="Cleaning up temp files" date="2025-09-25T13:52:57.718" /><!-- duration: 513ms -->
            <step title="Reloading status file with latest updates" date="2025-09-25T13:52:58.282" >
              <step title="WebHooksManager.PublishEventAsync: PostDeployment" date="2025-09-25T13:52:58.289" /><!-- duration: 27ms -->
            </step><!-- duration: 37ms -->
            <step title="Cleaning up temporary deployment - fetch deployment was successful" date="2025-09-25T13:52:58.324" /><!-- duration: 3ms -->
          </step><!-- duration: 7655ms -->
        </step><!-- duration: 9364ms -->
        <step title="Outgoing response" date="2025-09-25T13:52:58.424" type="response" statusCode="200" statusText="OK" /><!-- duration: 8ms -->
      </step><!-- duration: 9387ms -->
