<step title="Incoming Request" date="2025-09-29T07:20:25.084" instance="94a41b" url="/api/publish?type=zip&amp;async=True" method="POST" type="request" pid="829,1,61" Accept="*/*" Host="wonder-ceo-web.scm.azurewebsites.net" User-Agent="AZURECLI/2.77.0 (DEB)" Accept-Encoding="gzip, deflate" Authorization="Bea..." Cache-Control="no-cache" Content-Type="application/octet-stream" Cookie="ARRAffinity=94a41bc1b0bad4b76ec8de5af5839092b53f106e22f1ec1633d69c4db331a7c4; ARRAffinitySameSite=94a41bc1b0bad4b76ec8de5af5839092b53f106e22f1ec1633d69c4db331a7c4" Content-Length="7952401" x-ms-client-request-id="be78e644-9d04-11f0-86df-00155df454f1" x-ms-artifact-checksum="afa4739a9230fba5abb6067a8d69a586ccdd1c6177a5a3aa37de3222ccbf1865" X-ARR-LOG-ID="be78e644-9d04-11f0-86df-00155df454f1" CLIENT-IP="199.203.90.233:57100" X-SITE-DEPLOYMENT-ID="wonder-ceo-web" WAS-DEFAULT-HOSTNAME="wonder-ceo-web.scm.azurewebsites.net" X-Forwarded-Proto="https" X-AppService-Proto="https" X-Forwarded-TlsVersion="1.3" X-WAWS-Unencoded-URL="/api/publish?type=zip&amp;async=True" X-Client-IP="199.203.90.233" X-Client-Port="57100" >
  <step title="OneDeploy" date="2025-09-29T07:20:25.142" >
    <step title="Starting PushDeployAsync" date="2025-09-29T07:20:25.200" /><!-- duration: 37ms -->
    <step title="WEBSITE_RUN_FROM_PACKAGE is set to 1. Writing zip to SitePackagesPath" date="2025-09-29T07:20:25.292" /><!-- duration: 17ms -->
    <step title="Copying zip to SitePackages /home/data/SitePackages/20250929072025.zip from request body" date="2025-09-29T07:20:25.346" /><!-- duration: 18ms -->
    <step title="Writing multipart request body to /home/data/SitePackages/20250929072025.zip" date="2025-09-29T07:20:25.410" /><!-- duration: 11ms -->
    <step title="Deleting outdated zip file /home/data/SitePackages/20250929055520.zip" date="2025-09-29T07:20:26.945" /><!-- duration: 31ms -->
    <step title="Start deployment in the background" date="2025-09-29T07:20:26.996" >
      <step title="Acquiring Deployment Lock" date="2025-09-29T07:20:27.114" /><!-- duration: 5ms -->
      <step title="Acquired Deployment Lock" date="2025-09-29T07:20:27.174" /><!-- duration: 8ms -->
    </step><!-- duration: 286ms -->
  </step><!-- duration: 2145ms -->
  <step title="Outgoing response" date="2025-09-29T07:20:27.292" type="response" statusCode="202" statusText="Accepted" /><!-- duration: 19ms -->
</step><!-- duration: 2239ms -->
