<step title="Incoming Request" date="2025-09-15T12:41:58.164" instance="b45a72" url="/api/publish?type=zip" method="POST" type="request" pid="824,1,16" Accept="*/*" Host="wonder-ceo-web.scm.azurewebsites.net" User-Agent="AZURECLI/2.77.0 (DEB)" Accept-Encoding="gzip, deflate" Authorization="Bea..." Cache-Control="no-cache" Content-Type="application/octet-stream" Cookie="ARRAffinity=b45a72993595e7c2cff6388991a94deb8c993acf95a5c3755ecae7cdb9813e82; ARRAffinitySameSite=b45a72993595e7c2cff6388991a94deb8c993acf95a5c3755ecae7cdb9813e82" Content-Length="3180" x-ms-client-request-id="513dd4d2-9231-11f0-86df-00155db73234" x-ms-artifact-checksum="f29483ee50cc14928d5b396c466a8d36e025d6be6202b89aa25aa859090b60f4" X-ARR-LOG-ID="513dd4d2-9231-11f0-86df-00155db73234" CLIENT-IP="199.203.90.233:54620" X-SITE-DEPLOYMENT-ID="wonder-ceo-web" WAS-DEFAULT-HOSTNAME="wonder-ceo-web.scm.azurewebsites.net" X-Forwarded-Proto="https" X-AppService-Proto="https" X-Forwarded-TlsVersion="1.3" X-WAWS-Unencoded-URL="/api/publish?type=zip" X-Client-IP="199.203.90.233" X-Client-Port="54620" >
  <step title="OneDeploy" date="2025-09-15T12:41:58.239" >
    <step title="None repository commit" date="2025-09-15T12:41:58.268" >
      <step title="Commit id: bf91d569-6a7a-4caf-bae1-279503eeb2ad" date="2025-09-15T12:41:58.273" Message="N/A" AuthorName="N/A" AuthorEmail="N/A" /><!-- duration: 4ms -->
    </step><!-- duration: 12ms -->
    <step title="Starting PushDeployAsync" date="2025-09-15T12:41:58.284" /><!-- duration: 4ms -->
    <step title="Writing artifact to /tmp/zipdeploy/9581ab11-a2e3-4255-8953-7eef12316b5d.zip" date="2025-09-15T12:41:58.307" >
      <step title="Writing multipart request body to /tmp/zipdeploy/9581ab11-a2e3-4255-8953-7eef12316b5d.zip" date="2025-09-15T12:41:58.312" /><!-- duration: 10ms -->
    </step><!-- duration: 42ms -->
    <step title="Attempting to fetch target branch HEAD" date="2025-09-15T12:41:58.360" /><!-- duration: 4ms -->
    <step title="Acquiring Deployment Lock" date="2025-09-15T12:41:58.368" /><!-- duration: 5ms -->
    <step title="Acquired Deployment Lock" date="2025-09-15T12:41:58.410" /><!-- duration: 5ms -->
    <step title="Performing fetch based deployment" date="2025-09-15T12:41:58.430" >
      <step title="Creating temporary deployment" date="2025-09-15T12:41:58.434" /><!-- duration: 65ms -->
      <step title="Releasing Deployment Lock" date="2025-09-15T12:41:59.671" /><!-- duration: 11ms -->
      <step title="Cleaning up temp folders from previous zip deployments and extracting pushed zip file /tmp/zipdeploy/9581ab11-a2e3-4255-8953-7eef12316b5d.zip (0.00 MB) to /tmp/zipdeploy/extracted" date="2025-09-15T12:41:59.741" >
        <step title="ChmodRecursive Process exited with total time taken in ms: 48" date="2025-09-15T12:41:59.809" /><!-- duration: 4ms -->
      </step><!-- duration: 77ms -->
      <step title="None repository commit" date="2025-09-15T12:41:59.822" >
        <step title="Commit id: bf91d569-6a7a-4caf-bae1-279503eeb2ad" date="2025-09-15T12:41:59.826" Message="OneDeploy" AuthorName="N/A" AuthorEmail="N/A" /><!-- duration: 5ms -->
      </step><!-- duration: 12ms -->
      <step title="Deployment timer started" date="2025-09-15T12:42:01.840" >
        <step title="DeploymentManager.Deploy(id:bf91d569-6a7a-4caf-bae1-279503eeb2ad)" date="2025-09-15T12:42:01.890" >
          <step title="Collecting changeset information" date="2025-09-15T12:42:01.989" /><!-- duration: 230ms -->
          <step title="Updating submodules" date="2025-09-15T12:42:02.248" /><!-- duration: 1307ms -->
          <step title="Determining deployment builder" date="2025-09-15T12:42:04.144" >
            <step title="Builder is OneDeployBuilder" date="2025-09-15T12:42:04.224" /><!-- duration: 21ms -->
          </step><!-- duration: 121ms -->
          <step title="PreDeployment: context.CleanOutputPath False" date="2025-09-15T12:42:04.377" >
            <step title="PreDeployment: context.OutputPath /home/site/wwwroot" date="2025-09-15T12:42:04.703" >
              <step title="Building" date="2025-09-15T12:42:05.012" >
                <step title="Executing external process" date="2025-09-15T12:42:06.102" type="process" path="starter.sh" arguments="/opt/Kudu/Scripts/parallel_rsync.sh /tmp/zipdeploy/extracted /home/site/wwwroot 8 /tmp/ False False  " /><!-- duration: 4322ms -->
                <step title="Modified file to trigger a restart of the app container." date="2025-09-15T12:42:11.128" /><!-- duration: 9ms -->
                <step title="Skip function trigger and logicapp sync because function is not enabled." date="2025-09-15T12:42:11.156" /><!-- duration: 19ms -->
              </step><!-- duration: 7439ms -->
            </step><!-- duration: 7778ms -->
            <step title="Cleaning up temp files" date="2025-09-15T12:42:12.492" /><!-- duration: 29ms -->
            <step title="Cleaning up temp files" date="2025-09-15T12:42:12.533" /><!-- duration: 538ms -->
            <step title="Reloading status file with latest updates" date="2025-09-15T12:42:13.141" >
              <step title="WebHooksManager.PublishEventAsync: PostDeployment" date="2025-09-15T12:42:13.164" /><!-- duration: 158ms -->
            </step><!-- duration: 200ms -->
            <step title="Cleaning up temporary deployment - fetch deployment was successful" date="2025-09-15T12:42:13.363" /><!-- duration: 20ms -->
          </step><!-- duration: 9155ms -->
        </step><!-- duration: 11682ms -->
        <step title="Outgoing response" date="2025-09-15T12:42:13.601" type="response" statusCode="200" statusText="OK" /><!-- duration: 31ms -->
      </step><!-- duration: 11804ms -->
