<step title="Incoming Request" date="2025-09-28T10:58:43.614" instance="94a41b" url="/api/publish?type=zip&amp;restart=True" method="POST" type="request" pid="823,1,16" Accept="*/*" Host="wonder-ceo-web.scm.azurewebsites.net" User-Agent="AZURECLI/2.77.0 (DEB)" Accept-Encoding="gzip, deflate" Authorization="Bea..." Cache-Control="no-cache" Content-Type="application/octet-stream" Cookie="ARRAffinity=94a41bc1b0bad4b76ec8de5af5839092b53f106e22f1ec1633d69c4db331a7c4; ARRAffinitySameSite=94a41bc1b0bad4b76ec8de5af5839092b53f106e22f1ec1633d69c4db331a7c4" Content-Length="4962316" x-ms-client-request-id="10c3ad40-9c5a-11f0-86df-00155df45a0b" x-ms-artifact-checksum="c0a4e57a98f9d62224ff0655ed246f8c4b93adbd8a8ad251d43aad0e6e08ddcb" X-ARR-LOG-ID="10c3ad40-9c5a-11f0-86df-00155df45a0b" CLIENT-IP="199.203.90.233:57884" X-SITE-DEPLOYMENT-ID="wonder-ceo-web" WAS-DEFAULT-HOSTNAME="wonder-ceo-web.scm.azurewebsites.net" X-Forwarded-Proto="https" X-AppService-Proto="https" X-Forwarded-TlsVersion="1.3" X-WAWS-Unencoded-URL="/api/publish?type=zip&amp;restart=True" X-Client-IP="199.203.90.233" X-Client-Port="57884" >
  <step title="OneDeploy" date="2025-09-28T10:58:43.839" >
    <step title="None repository commit" date="2025-09-28T10:58:43.925" >
      <step title="Commit id: 2f4da3a2-f7b5-44a6-95b7-caab4128deee" date="2025-09-28T10:58:43.955" Message="N/A" AuthorName="N/A" AuthorEmail="N/A" /><!-- duration: 19ms -->
    </step><!-- duration: 66ms -->
    <step title="Starting PushDeployAsync" date="2025-09-28T10:58:44.033" /><!-- duration: 27ms -->
    <step title="Writing artifact to /tmp/zipdeploy/c393d55c-3ced-4e8e-bb30-4aadcca12339.zip" date="2025-09-28T10:58:44.392" >
      <step title="Writing multipart request body to /tmp/zipdeploy/c393d55c-3ced-4e8e-bb30-4aadcca12339.zip" date="2025-09-28T10:58:44.398" /><!-- duration: 20ms -->
    </step><!-- duration: 283ms -->
    <step title="Attempting to fetch target branch HEAD" date="2025-09-28T10:58:44.695" /><!-- duration: 3ms -->
    <step title="Acquiring Deployment Lock" date="2025-09-28T10:58:44.703" /><!-- duration: 11ms -->
    <step title="Acquired Deployment Lock" date="2025-09-28T10:58:44.770" /><!-- duration: 5ms -->
    <step title="Performing fetch based deployment" date="2025-09-28T10:58:44.786" >
      <step title="Creating temporary deployment" date="2025-09-28T10:58:44.816" /><!-- duration: 123ms -->
      <step title="Releasing Deployment Lock" date="2025-09-28T10:58:46.116" /><!-- duration: 17ms -->
      <step title="Cleaning up temp folders from previous zip deployments and extracting pushed zip file /tmp/zipdeploy/c393d55c-3ced-4e8e-bb30-4aadcca12339.zip (4.73 MB) to /tmp/zipdeploy/extracted" date="2025-09-28T10:58:46.218" >
        <step title="ChmodRecursive Process exited with total time taken in ms: 128" date="2025-09-28T10:58:48.966" /><!-- duration: 7ms -->
      </step><!-- duration: 2762ms -->
      <step title="None repository commit" date="2025-09-28T10:58:48.997" >
        <step title="Commit id: 2f4da3a2-f7b5-44a6-95b7-caab4128deee" date="2025-09-28T10:58:49.001" Message="OneDeploy" AuthorName="N/A" AuthorEmail="N/A" /><!-- duration: 3ms -->
      </step><!-- duration: 10ms -->
      <step title="Deployment timer started" date="2025-09-28T10:58:51.090" >
        <step title="DeploymentManager.Deploy(id:2f4da3a2-f7b5-44a6-95b7-caab4128deee)" date="2025-09-28T10:58:51.101" >
          <step title="Collecting changeset information" date="2025-09-28T10:58:51.135" /><!-- duration: 115ms -->
          <step title="Updating submodules" date="2025-09-28T10:58:51.258" /><!-- duration: 1177ms -->
          <step title="Determining deployment builder" date="2025-09-28T10:58:52.725" >
            <step title="Builder is OneDeployBuilder" date="2025-09-28T10:58:52.754" /><!-- duration: 4ms -->
          </step><!-- duration: 37ms -->
          <step title="PreDeployment: context.CleanOutputPath False" date="2025-09-28T10:58:52.809" >
            <step title="PreDeployment: context.OutputPath /home/site/wwwroot" date="2025-09-28T10:58:52.959" >
              <step title="Building" date="2025-09-28T10:58:53.117" >
                <step title="Executing external process" date="2025-09-28T10:58:53.738" type="process" path="starter.sh" arguments="/opt/Kudu/Scripts/parallel_rsync.sh /tmp/zipdeploy/extracted /home/site/wwwroot 8 /tmp/ False False  " /><!-- duration: 13404ms -->
                <step title="Modified file to trigger a restart of the app container." date="2025-09-28T10:59:07.624" /><!-- duration: 4ms -->
                <step title="Skip function trigger and logicapp sync because function is not enabled." date="2025-09-28T10:59:07.643" /><!-- duration: 5ms -->
                <step title="Purge deployment items" date="2025-09-28T10:59:09.024" >
                  <step title="Remove 7fa570a1-, Success, received at 09/16/2025 05:34:10" date="2025-09-28T10:59:09.120" /><!-- duration: 5ms -->
                </step><!-- duration: 104ms -->
              </step><!-- duration: 16100ms -->
            </step><!-- duration: 16268ms -->
            <step title="Cleaning up temp files" date="2025-09-28T10:59:09.230" /><!-- duration: 4ms -->
            <step title="Cleaning up temp files" date="2025-09-28T10:59:09.239" /><!-- duration: 505ms -->
            <step title="Reloading status file with latest updates" date="2025-09-28T10:59:09.795" >
              <step title="WebHooksManager.PublishEventAsync: PostDeployment" date="2025-09-28T10:59:09.801" /><!-- duration: 103ms -->
            </step><!-- duration: 117ms -->
            <step title="Cleaning up temporary deployment - fetch deployment was successful" date="2025-09-28T10:59:09.924" /><!-- duration: 18ms -->
          </step><!-- duration: 17198ms -->
        </step><!-- duration: 18914ms -->
        <step title="Outgoing response" date="2025-09-28T10:59:10.023" type="response" statusCode="200" statusText="OK" /><!-- duration: 4ms -->
      </step><!-- duration: 18946ms -->
