<step title="BackgroundTrace" date="2025-09-29T07:25:51.004" instance="94a41b" url="/api/publish" method="POST" >
  <step title="Cleanup Xml Logs" date="2025-09-29T07:25:51.009" /><!-- duration: 14ms -->
  <step title="Creating temporary deployment - FetchDeploymentManager" date="2025-09-29T07:25:51.095" /><!-- duration: 5ms -->
  <step title="Creating temporary deployment" date="2025-09-29T07:25:51.106" /><!-- duration: 149ms -->
  <step title="Performing fetch based deployment" date="2025-09-29T07:25:51.584" >
    <step title="Deployment timer started" date="2025-09-29T07:25:54.904" >
      <step title="DeploymentManager.Deploy(id:7d0ab170-111a-44c2-b74a-e11e8addd6d1)" date="2025-09-29T07:25:54.910" >
        <step title="Collecting changeset information" date="2025-09-29T07:25:54.988" /><!-- duration: 159ms -->
        <step title="Updating submodules" date="2025-09-29T07:25:55.159" /><!-- duration: 1208ms -->
        <step title="Determining deployment builder" date="2025-09-29T07:25:56.879" >
          <step title="Builder is RunFromZipSiteBuilder" date="2025-09-29T07:25:56.904" /><!-- duration: 29ms -->
        </step><!-- duration: 101ms -->
        <step title="PreDeployment: context.CleanOutputPath False" date="2025-09-29T07:25:57.115" >
          <step title="PreDeployment: context.OutputPath /home/site/wwwroot" date="2025-09-29T07:25:57.305" >
            <step title="Building" date="2025-09-29T07:25:57.563" >
              <step title="Modified file to trigger a restart of the app container." date="2025-09-29T07:25:58.122" /><!-- duration: 9ms -->
              <step title="Skip function trigger and logicapp sync because function is not enabled." date="2025-09-29T07:25:58.138" /><!-- duration: 18ms -->
              <step title="Purge deployment items" date="2025-09-29T07:25:59.730" >
                <step title="Remove 6f2b3b58-, Success, received at 09/29/2025 05:14:10" date="2025-09-29T07:25:59.798" /><!-- duration: 6ms -->
              </step><!-- duration: 80ms -->
            </step><!-- duration: 2334ms -->
          </step><!-- duration: 2599ms -->
          <step title="Cleaning up temp files" date="2025-09-29T07:25:59.909" /><!-- duration: 7ms -->
          <step title="Cleaning up temp files" date="2025-09-29T07:25:59.930" /><!-- duration: 510ms -->
          <step title="Reloading status file with latest updates" date="2025-09-29T07:26:00.504" >
            <step title="WebHooksManager.PublishEventAsync: PostDeployment" date="2025-09-29T07:26:00.511" /><!-- duration: 68ms -->
          </step><!-- duration: 81ms -->
          <step title="Cleaning up temporary deployment - fetch deployment was successful" date="2025-09-29T07:26:00.592" /><!-- duration: 5ms -->
        </step><!-- duration: 3583ms -->
      </step><!-- duration: 5815ms -->
