<step title="Incoming Request" date="2025-09-29T07:25:49.335" instance="94a41b" url="/api/publish?type=zip&amp;async=True" method="POST" type="request" pid="829,1,62" Accept="*/*" Host="wonder-ceo-web.scm.azurewebsites.net" User-Agent="AZURECLI/2.77.0 (DEB)" Accept-Encoding="gzip, deflate" Authorization="Bea..." Cache-Control="no-cache" Content-Type="application/octet-stream" Cookie="ARRAffinity=94a41bc1b0bad4b76ec8de5af5839092b53f106e22f1ec1633d69c4db331a7c4; ARRAffinitySameSite=94a41bc1b0bad4b76ec8de5af5839092b53f106e22f1ec1633d69c4db331a7c4" Content-Length="7952787" x-ms-client-request-id="7fd86d6e-9d05-11f0-86df-00155df454f1" x-ms-artifact-checksum="afe183e78ebf977040ea5b080bdf264d86222c0914fb957099442b8df1a8922e" X-ARR-LOG-ID="7fd86d6e-9d05-11f0-86df-00155df454f1" CLIENT-IP="199.203.90.233:57091" X-SITE-DEPLOYMENT-ID="wonder-ceo-web" WAS-DEFAULT-HOSTNAME="wonder-ceo-web.scm.azurewebsites.net" X-Forwarded-Proto="https" X-AppService-Proto="https" X-Forwarded-TlsVersion="1.3" X-WAWS-Unencoded-URL="/api/publish?type=zip&amp;async=True" X-Client-IP="199.203.90.233" X-Client-Port="57091" >
  <step title="OneDeploy" date="2025-09-29T07:25:49.361" >
    <step title="Starting PushDeployAsync" date="2025-09-29T07:25:49.402" /><!-- duration: 20ms -->
    <step title="WEBSITE_RUN_FROM_PACKAGE is set to 1. Writing zip to SitePackagesPath" date="2025-09-29T07:25:49.440" /><!-- duration: 5ms -->
    <step title="Copying zip to SitePackages /home/data/SitePackages/20250929072549.zip from request body" date="2025-09-29T07:25:49.461" /><!-- duration: 12ms -->
    <step title="Writing multipart request body to /home/data/SitePackages/20250929072549.zip" date="2025-09-29T07:25:49.479" /><!-- duration: 21ms -->
    <step title="Deleting outdated zip file /home/data/SitePackages/20250929071103.zip" date="2025-09-29T07:25:50.958" /><!-- duration: 23ms -->
    <step title="Start deployment in the background" date="2025-09-29T07:25:50.999" >
      <step title="Acquiring Deployment Lock" date="2025-09-29T07:25:51.037" /><!-- duration: 6ms -->
      <step title="Acquired Deployment Lock" date="2025-09-29T07:25:51.085" /><!-- duration: 5ms -->
    </step><!-- duration: 282ms -->
  </step><!-- duration: 1952ms -->
  <step title="Outgoing response" date="2025-09-29T07:25:51.362" type="response" statusCode="202" statusText="Accepted" /><!-- duration: 67ms -->
</step><!-- duration: 2125ms -->
