<step title="Incoming Request" date="2025-09-29T07:11:31.808" instance="94a41b" url="/api/publish?type=zip&amp;async=True" method="POST" type="request" pid="829,1,63" Accept="*/*" Host="wonder-ceo-web.scm.azurewebsites.net" User-Agent="AZURECLI/2.77.0 (DEB)" Accept-Encoding="gzip, deflate" Authorization="Bea..." Cache-Control="no-cache" Content-Type="application/octet-stream" Cookie="ARRAffinity=94a41bc1b0bad4b76ec8de5af5839092b53f106e22f1ec1633d69c4db331a7c4; ARRAffinitySameSite=94a41bc1b0bad4b76ec8de5af5839092b53f106e22f1ec1633d69c4db331a7c4" Content-Length="13872388" x-ms-client-request-id="7fb50088-9d03-11f0-86df-00155df454f1" x-ms-artifact-checksum="e61f56e339b551986735add4ea15b495730f0b9a63b0996a82b6a5b11bf5b304" X-ARR-LOG-ID="7fb50088-9d03-11f0-86df-00155df454f1" CLIENT-IP="199.203.90.233:57120" X-SITE-DEPLOYMENT-ID="wonder-ceo-web" WAS-DEFAULT-HOSTNAME="wonder-ceo-web.scm.azurewebsites.net" X-Forwarded-Proto="https" X-AppService-Proto="https" X-Forwarded-TlsVersion="1.3" X-WAWS-Unencoded-URL="/api/publish?type=zip&amp;async=True" X-Client-IP="199.203.90.233" X-Client-Port="57120" >
  <step title="Cleanup Xml Logs" date="2025-09-29T07:11:31.837" /><!-- duration: 58ms -->
  <step title="OneDeploy" date="2025-09-29T07:11:32.003" >
    <step title="Starting PushDeployAsync" date="2025-09-29T07:11:32.070" /><!-- duration: 38ms -->
    <step title="WEBSITE_RUN_FROM_PACKAGE is set to 1. Writing zip to SitePackagesPath" date="2025-09-29T07:11:32.169" /><!-- duration: 39ms -->
    <step title="Copying zip to SitePackages /home/data/SitePackages/20250929071132.zip from request body" date="2025-09-29T07:11:32.238" /><!-- duration: 31ms -->
    <step title="Writing multipart request body to /home/data/SitePackages/20250929071132.zip" date="2025-09-29T07:11:32.376" /><!-- duration: 39ms -->
    <step title="Deleting outdated zip file /home/data/SitePackages/20250929052823.zip" date="2025-09-29T07:11:35.606" /><!-- duration: 107ms -->
    <step title="Start deployment in the background" date="2025-09-29T07:11:35.792" >
      <step title="Acquiring Deployment Lock" date="2025-09-29T07:11:36.144" /><!-- duration: 47ms -->
      <step title="Acquired Deployment Lock" date="2025-09-29T07:11:36.384" /><!-- duration: 39ms -->
    </step><!-- duration: 1298ms -->
  </step><!-- duration: 5351ms -->
  <step title="Outgoing response" date="2025-09-29T07:11:37.411" type="response" statusCode="202" statusText="Accepted" /><!-- duration: 19ms -->
</step><!-- duration: 5703ms -->
