<step title="BackgroundTrace" date="2025-09-16T10:32:56.704" instance="b45a72" url="/api/zipdeploy" method="POST" >
  <step title="Creating temporary deployment - FetchDeploymentManager" date="2025-09-16T10:32:56.834" /><!-- duration: 3ms -->
  <step title="Creating temporary deployment" date="2025-09-16T10:32:56.841" /><!-- duration: 100ms -->
  <step title="Performing fetch based deployment" date="2025-09-16T10:32:57.020" >
    <step title="Cleaning up temp folders from previous zip deployments and extracting pushed zip file /tmp/zipdeploy/6cb750b5-8c01-40ce-a07f-b3414b05098e.zip (2.26 MB) to /tmp/zipdeploy/extracted" date="2025-09-16T10:32:58.196" >
      <step title="ChmodRecursive Process exited with total time taken in ms: 50" date="2025-09-16T10:32:58.470" /><!-- duration: 13ms -->
    </step><!-- duration: 292ms -->
    <step title="Deployment timer started" date="2025-09-16T10:33:00.505" >
      <step title="DeploymentManager.Deploy(id:ae1b19d3-e714-4b82-af59-f21676d41c94)" date="2025-09-16T10:33:00.516" >
        <step title="Collecting changeset information" date="2025-09-16T10:33:00.555" /><!-- duration: 109ms -->
        <step title="Updating submodules" date="2025-09-16T10:33:00.669" /><!-- duration: 1189ms -->
        <step title="Determining deployment builder" date="2025-09-16T10:33:02.188" >
          <step title="Builder is BasicBuilder" date="2025-09-16T10:33:02.203" /><!-- duration: 3ms -->
        </step><!-- duration: 23ms -->
        <step title="PreDeployment: context.CleanOutputPath False" date="2025-09-16T10:33:02.576" >
          <step title="PreDeployment: context.OutputPath /home/site/wwwroot" date="2025-09-16T10:33:02.738" >
            <step title="Building" date="2025-09-16T10:33:02.938" >
              <step title="Executing external process" date="2025-09-16T10:33:03.690" type="process" path="starter.sh" arguments="/opt/Kudu/Scripts/absoluteTar.sh /tmp/zipdeploy/extracted/node_modules /tmp/zipdeploy/extracted/node_modules.tar.gz" /><!-- duration: 1347ms -->
              <step title="Executing external process" date="2025-09-16T10:33:05.317" type="process" path="starter.sh" arguments="/opt/Kudu/Scripts/parallel_rsync.sh /tmp/zipdeploy/extracted /home/site/wwwroot 8 /tmp/ False True node_modules " /><!-- duration: 2561ms -->
              <step title="Triggering recycle (preview mode disabled)." date="2025-09-16T10:33:08.680" /><!-- duration: 43ms -->
              <step title="Modified file to trigger a restart of the app container." date="2025-09-16T10:33:08.767" /><!-- duration: 4ms -->
              <step title="Skip function trigger and logicapp sync because function is not enabled." date="2025-09-16T10:33:08.775" /><!-- duration: 8ms -->
              <step title="Purge deployment items" date="2025-09-16T10:33:09.918" >
                <step title="Remove temp-9e19, Pending, received at 09/16/2025 10:32:56" date="2025-09-16T10:33:09.984" /><!-- duration: 3ms -->
                <step title="Remove temp-0544, Failed, received at 09/16/2025 10:31:51" date="2025-09-16T10:33:10.063" /><!-- duration: 4ms -->
                <step title="Remove 8afd6ef9-, Failed, received at 09/16/2025 10:28:02" date="2025-09-16T10:33:10.131" /><!-- duration: 3ms -->
                <step title="Remove temp-8ffb, Failed, received at 09/16/2025 10:27:49" date="2025-09-16T10:33:10.206" /><!-- duration: 4ms -->
              </step><!-- duration: 297ms -->
            </step><!-- duration: 7388ms -->
          </step><!-- duration: 7597ms -->
          <step title="Cleaning up temp files" date="2025-09-16T10:33:10.343" /><!-- duration: 5ms -->
          <step title="Cleaning up temp files" date="2025-09-16T10:33:10.359" /><!-- duration: 509ms -->
          <step title="Reloading status file with latest updates" date="2025-09-16T10:33:11.042" >
            <step title="WebHooksManager.PublishEventAsync: PostDeployment" date="2025-09-16T10:33:11.048" /><!-- duration: 74ms -->
          </step><!-- duration: 84ms -->
          <step title="Cleaning up temporary deployment - fetch deployment was successful" date="2025-09-16T10:33:11.132" /><!-- duration: 4ms -->
        </step><!-- duration: 8628ms -->
      </step><!-- duration: 10720ms -->
