<step title="Incoming Request" date="2025-09-29T04:35:28.464" instance="94a41b" url="/api/publish?type=zip&amp;restart=True" method="POST" type="request" pid="823,1,68" Accept="*/*" Host="wonder-ceo-web.scm.azurewebsites.net" User-Agent="AZURECLI/2.77.0 (DEB)" Accept-Encoding="gzip, deflate" Authorization="Bea..." Cache-Control="no-cache" Content-Type="application/octet-stream" Cookie="ARRAffinity=94a41bc1b0bad4b76ec8de5af5839092b53f106e22f1ec1633d69c4db331a7c4; ARRAffinitySameSite=94a41bc1b0bad4b76ec8de5af5839092b53f106e22f1ec1633d69c4db331a7c4" Content-Length="7708030" x-ms-client-request-id="afd27f22-9ced-11f0-86df-00155df454f1" x-ms-artifact-checksum="2cecac74358abde7b27e11fc6462a6aad5d2d95d7bdeafd6d601ad03aebc051b" X-ARR-LOG-ID="afd27f22-9ced-11f0-86df-00155df454f1" CLIENT-IP="199.203.90.233:57170" X-SITE-DEPLOYMENT-ID="wonder-ceo-web" WAS-DEFAULT-HOSTNAME="wonder-ceo-web.scm.azurewebsites.net" X-Forwarded-Proto="https" X-AppService-Proto="https" X-Forwarded-TlsVersion="1.3" X-WAWS-Unencoded-URL="/api/publish?type=zip&amp;restart=True" X-Client-IP="199.203.90.233" X-Client-Port="57170" >
  <step title="Cleanup Xml Logs" date="2025-09-29T04:35:28.469" /><!-- duration: 19ms -->
  <step title="OneDeploy" date="2025-09-29T04:35:28.562" >
    <step title="Starting PushDeployAsync" date="2025-09-29T04:35:28.627" /><!-- duration: 5ms -->
    <step title="Removing node_modules symlink" date="2025-09-29T04:35:28.668" >
      <step title="Writing artifact to /tmp/zipdeploy/633e3875-f388-4bd8-a2a7-bbc88359865b.zip" date="2025-09-29T04:35:28.817" >
        <step title="Writing multipart request body to /tmp/zipdeploy/633e3875-f388-4bd8-a2a7-bbc88359865b.zip" date="2025-09-29T04:35:28.824" /><!-- duration: 32ms -->
      </step><!-- duration: 2115ms -->
      <step title="Removing previous build artifact&apos;s manifest file" date="2025-09-29T04:35:31.001" >
        <step title="Attempting to fetch target branch HEAD" date="2025-09-29T04:35:31.037" /><!-- duration: 4ms -->
        <step title="Acquiring Deployment Lock" date="2025-09-29T04:35:31.051" /><!-- duration: 7ms -->
        <step title="Acquired Deployment Lock" date="2025-09-29T04:35:31.107" /><!-- duration: 5ms -->
        <step title="Performing fetch based deployment" date="2025-09-29T04:35:31.121" >
          <step title="Creating temporary deployment" date="2025-09-29T04:35:31.134" /><!-- duration: 111ms -->
          <step title="Releasing Deployment Lock" date="2025-09-29T04:35:32.456" /><!-- duration: 9ms -->
          <step title="Cleaning up temp folders from previous zip deployments and extracting pushed zip file /tmp/zipdeploy/633e3875-f388-4bd8-a2a7-bbc88359865b.zip (7.35 MB) to /tmp/zipdeploy/extracted" date="2025-09-29T04:35:32.487" >
            <step title="ChmodRecursive Process exited with total time taken in ms: 268" date="2025-09-29T04:35:36.766" /><!-- duration: 29ms -->
          </step><!-- duration: 4320ms -->
          <step title="None repository commit" date="2025-09-29T04:35:36.813" >
            <step title="Commit id: ceddbff6-6693-4089-81b7-3875b929e443" date="2025-09-29T04:35:36.825" Message="OneDeploy" AuthorName="N/A" AuthorEmail="N/A" /><!-- duration: 47ms -->
          </step><!-- duration: 71ms -->
          <step title="Deployment timer started" date="2025-09-29T04:35:38.976" >
            <step title="DeploymentManager.Deploy(id:ceddbff6-6693-4089-81b7-3875b929e443)" date="2025-09-29T04:35:39.015" >
              <step title="Collecting changeset information" date="2025-09-29T04:35:39.086" /><!-- duration: 190ms -->
              <step title="Updating submodules" date="2025-09-29T04:35:39.285" /><!-- duration: 1246ms -->
              <step title="Determining deployment builder" date="2025-09-29T04:35:40.797" >
                <step title="Builder is OryxBuilder" date="2025-09-29T04:35:40.838" /><!-- duration: 19ms -->
              </step><!-- duration: 66ms -->
              <step title="PreDeployment: context.CleanOutputPath False" date="2025-09-29T04:35:40.907" >
                <step title="PreDeployment: context.OutputPath /home/site/wwwroot" date="2025-09-29T04:35:41.053" >
                  <step title="Building" date="2025-09-29T04:35:41.229" >
                    <step title="Executing external process" date="2025-09-29T04:35:41.614" type="process" path="bash" arguments="-c &quot;oryx build /tmp/zipdeploy/extracted -o /home/site/wwwroot --platform nodejs --platform-version 20 -p virtualenv_name= --log-file /tmp/build-debug.log  -i /tmp/8ddff11a5441ba8 -p compress_node_modules=tar-gz | tee /tmp/oryx-build.log ; exit $PIPESTATUS &quot;" >
                      <step title="Cpu: npm install(13190,7.630s)+build.sh(13074,0.040s)+oryx(13053,9.470s)+tee(13054,0.000s)+bash(13052,0.000s)=total(17.090s)" date="2025-09-29T04:37:27.508" /><!-- duration: 511ms -->
                      <step title="bash: no io activity for 61s, prev-cpu=-1.000s, current-cpu=17.090s" date="2025-09-29T04:37:28.548" /><!-- duration: 320ms -->
                      <step title="Error occurred" date="2025-09-29T04:38:36.239" type="error" text="GetParentProcessLinux (13244) failed.: Could not find a part of the path &apos;/proc/13244/stat&apos;." stackTrace="   at Interop.ThrowExceptionForIoErrno(ErrorInfo errorInfo, String path, Boolean isDirError)
   at Microsoft.Win32.SafeHandles.SafeFileHandle.Open(String fullPath, FileMode mode, FileAccess access, FileShare share, FileOptions options, Int64 preallocationSize, UnixFileMode openPermissions, Int64&amp; fileLength, UnixFileMode&amp; filePermissions, Boolean failForSymlink, Boolean&amp; wasSymlink, Func`4 createOpenException)
   at System.IO.Strategies.OSFileStreamStrategy..ctor(String path, FileMode mode, FileAccess access, FileShare share, FileOptions options, Int64 preallocationSize, Nullable`1 unixCreateMode)
   at System.IO.StreamReader.ValidateArgsAndOpenPath(String path, Encoding encoding, Int32 bufferSize)
   at System.IO.File.ReadLines(String path)
   at Kudu.Core.Infrastructure.ProcessExtensions.GetParentProcessLinux(Process process, ITracer tracer) in /tmp/KuduLite/Kudu.Core/Infrastructure/ProcessExtensions.cs:line 155" /><!-- duration: 29ms -->
                      <step title="Cpu: npm install(13190,13.830s)+build.sh(13074,0.040s)+oryx(13053,9.590s)+tee(13054,0.000s)+bash(13052,0.000s)=total(23.460s)" date="2025-09-29T04:38:36.401" /><!-- duration: 39ms -->
                      <step title="bash: no io activity for 135s, prev-cpu=17.090s, current-cpu=23.460s" date="2025-09-29T04:38:36.524" /><!-- duration: 38ms -->
                      <step title="Process dump" date="2025-09-29T04:38:52.263" exitCode="1" type="processOutput" /><!-- duration: 6ms -->
                    </step><!-- duration: 190659ms -->
                    <step title="Error occurred" date="2025-09-29T04:38:52.314" type="error" text="rm: cannot remove &apos;/tmp/zipdeploy/extracted/oryx-build-commands.txt&apos;: No such file or directory
/bin/bash -c &quot;oryx build /tmp/zipdeploy/extracted -o /home/site/wwwroot --platform nodejs --platform-version 20 -p virtualenv_name= --log-file /tmp/build-debug.log  -i /tmp/8ddff11a5441ba8 -p compress_node_modules=tar-gz | tee /tmp/oryx-build.log ; exit $PIPESTATUS &quot;" stackTrace="   at Kudu.Core.Infrastructure.Executable.ExecuteInternal(ITracer tracer, Func`2 onWriteOutput, Func`2 onWriteError, CancellationToken token, Encoding encoding, String arguments, Object[] args) in /tmp/KuduLite/Kudu.Core/Infrastructure/Executable.cs:line 239
   at Kudu.Core.Infrastructure.Executable.ExecuteWithProgressWriter(ILogger logger, ITracer tracer, CancellationToken token, String arguments, Object[] args) in /tmp/KuduLite/Kudu.Core/Infrastructure/Executable.cs:line 118
   at Kudu.Core.Deployment.Generator.ExternalCommandBuilder.RunCommand(DeploymentContext context, String command, Boolean ignoreManifest, CancellationToken token, String message) in /tmp/KuduLite/Kudu.Core/Deployment/Generator/ExternalCommandBuilder.cs:line 122" /><!-- duration: 4ms -->
                    <step title="Error occurred" date="2025-09-29T04:38:52.353" type="error" text="rm: cannot remove &apos;/tmp/zipdeploy/extracted/oryx-build-commands.txt&apos;: No such file or directory
/bin/bash -c &quot;oryx build /tmp/zipdeploy/extracted -o /home/site/wwwroot --platform nodejs --platform-version 20 -p virtualenv_name= --log-file /tmp/build-debug.log  -i /tmp/8ddff11a5441ba8 -p compress_node_modules=tar-gz | tee /tmp/oryx-build.log ; exit $PIPESTATUS &quot;" stackTrace="   at Kudu.Core.Infrastructure.Executable.ExecuteInternal(ITracer tracer, Func`2 onWriteOutput, Func`2 onWriteError, CancellationToken token, Encoding encoding, String arguments, Object[] args) in /tmp/KuduLite/Kudu.Core/Infrastructure/Executable.cs:line 239
   at Kudu.Core.Infrastructure.Executable.ExecuteWithProgressWriter(ILogger logger, ITracer tracer, CancellationToken token, String arguments, Object[] args) in /tmp/KuduLite/Kudu.Core/Infrastructure/Executable.cs:line 118
   at Kudu.Core.Deployment.Generator.ExternalCommandBuilder.RunCommand(DeploymentContext context, String command, Boolean ignoreManifest, CancellationToken token, String message) in /tmp/KuduLite/Kudu.Core/Deployment/Generator/ExternalCommandBuilder.cs:line 122
   at Kudu.Core.Deployment.Generator.OryxBuilder.RunBuildCommand(IOryxArguments args, DeploymentContext context, CancellationToken token) in /tmp/KuduLite/Kudu.Core/Deployment/Generator/OryxBuilder.cs:line 282
   at Kudu.Core.Deployment.Generator.OryxBuilder.Build(DeploymentContext context, CancellationToken token) in /tmp/KuduLite/Kudu.Core/Deployment/Generator/OryxBuilder.cs:line 123
   at Kudu.Core.Deployment.DeploymentManager.Build(ChangeSet changeSet, ITracer tracer, IDisposable deployStep, IRepository repository, DeploymentInfoBase deploymentInfo, DeploymentAnalytics deploymentAnalytics, Boolean fullBuildByDefault, CancellationToken cancellationToken) in /tmp/KuduLite/Kudu.Core/Deployment/DeploymentManager.cs:line 771" /><!-- duration: 22ms -->
                    <step title="Using GenericDeploymentLogParser" date="2025-09-29T04:38:52.488" /><!-- duration: 4ms -->
                    <step title="Purge deployment items" date="2025-09-29T04:38:53.993" >
                      <step title="Remove ceddbff6-, Failed, received at 09/29/2025 04:35:39" date="2025-09-29T04:38:54.062" /><!-- duration: 5ms -->
                      <step title="Remove temp-0f0d, Failed, received at 09/29/2025 04:35:31" date="2025-09-29T04:38:54.125" /><!-- duration: 4ms -->
                    </step><!-- duration: 140ms -->
                  </step><!-- duration: 192908ms -->
                </step><!-- duration: 193098ms -->
                <step title="Error occurred" date="2025-09-29T04:38:54.154" type="error" text="rm: cannot remove &apos;/tmp/zipdeploy/extracted/oryx-build-commands.txt&apos;: No such file or directory
/bin/bash -c &quot;oryx build /tmp/zipdeploy/extracted -o /home/site/wwwroot --platform nodejs --platform-version 20 -p virtualenv_name= --log-file /tmp/build-debug.log  -i /tmp/8ddff11a5441ba8 -p compress_node_modules=tar-gz | tee /tmp/oryx-build.log ; exit $PIPESTATUS &quot;" stackTrace="   at Kudu.Core.Infrastructure.Executable.ExecuteInternal(ITracer tracer, Func`2 onWriteOutput, Func`2 onWriteError, CancellationToken token, Encoding encoding, String arguments, Object[] args) in /tmp/KuduLite/Kudu.Core/Infrastructure/Executable.cs:line 239
   at Kudu.Core.Infrastructure.Executable.ExecuteWithProgressWriter(ILogger logger, ITracer tracer, CancellationToken token, String arguments, Object[] args) in /tmp/KuduLite/Kudu.Core/Infrastructure/Executable.cs:line 118
   at Kudu.Core.Deployment.Generator.ExternalCommandBuilder.RunCommand(DeploymentContext context, String command, Boolean ignoreManifest, CancellationToken token, String message) in /tmp/KuduLite/Kudu.Core/Deployment/Generator/ExternalCommandBuilder.cs:line 122
   at Kudu.Core.Deployment.Generator.OryxBuilder.RunBuildCommand(IOryxArguments args, DeploymentContext context, CancellationToken token) in /tmp/KuduLite/Kudu.Core/Deployment/Generator/OryxBuilder.cs:line 282
   at Kudu.Core.Deployment.Generator.OryxBuilder.Build(DeploymentContext context, CancellationToken token) in /tmp/KuduLite/Kudu.Core/Deployment/Generator/OryxBuilder.cs:line 123
   at Kudu.Core.Deployment.DeploymentManager.Build(ChangeSet changeSet, ITracer tracer, IDisposable deployStep, IRepository repository, DeploymentInfoBase deploymentInfo, DeploymentAnalytics deploymentAnalytics, Boolean fullBuildByDefault, CancellationToken cancellationToken) in /tmp/KuduLite/Kudu.Core/Deployment/DeploymentManager.cs:line 771
   at Kudu.Core.Deployment.DeploymentManager.Build(ChangeSet changeSet, ITracer tracer, IDisposable deployStep, IRepository repository, DeploymentInfoBase deploymentInfo, DeploymentAnalytics deploymentAnalytics, Boolean fullBuildByDefault, CancellationToken cancellationToken) in /tmp/KuduLite/Kudu.Core/Deployment/DeploymentManager.cs:line 840" /><!-- duration: 3ms -->
                <step title="Cleaning up temp files" date="2025-09-29T04:38:55.267" /><!-- duration: 1450ms -->
                <step title="Cleaning up temp files" date="2025-09-29T04:38:56.722" /><!-- duration: 508ms -->
                <step title="Error occurred" date="2025-09-29T04:38:57.591" type="error" text="rm: cannot remove &apos;/tmp/zipdeploy/extracted/oryx-build-commands.txt&apos;: No such file or directory
/bin/bash -c &quot;oryx build /tmp/zipdeploy/extracted -o /home/site/wwwroot --platform nodejs --platform-version 20 -p virtualenv_name= --log-file /tmp/build-debug.log  -i /tmp/8ddff11a5441ba8 -p compress_node_modules=tar-gz | tee /tmp/oryx-build.log ; exit $PIPESTATUS &quot;" stackTrace="   at Kudu.Core.Infrastructure.Executable.ExecuteInternal(ITracer tracer, Func`2 onWriteOutput, Func`2 onWriteError, CancellationToken token, Encoding encoding, String arguments, Object[] args) in /tmp/KuduLite/Kudu.Core/Infrastructure/Executable.cs:line 239
   at Kudu.Core.Infrastructure.Executable.ExecuteWithProgressWriter(ILogger logger, ITracer tracer, CancellationToken token, String arguments, Object[] args) in /tmp/KuduLite/Kudu.Core/Infrastructure/Executable.cs:line 118
   at Kudu.Core.Deployment.Generator.ExternalCommandBuilder.RunCommand(DeploymentContext context, String command, Boolean ignoreManifest, CancellationToken token, String message) in /tmp/KuduLite/Kudu.Core/Deployment/Generator/ExternalCommandBuilder.cs:line 122
   at Kudu.Core.Deployment.Generator.OryxBuilder.RunBuildCommand(IOryxArguments args, DeploymentContext context, CancellationToken token) in /tmp/KuduLite/Kudu.Core/Deployment/Generator/OryxBuilder.cs:line 282
   at Kudu.Core.Deployment.Generator.OryxBuilder.Build(DeploymentContext context, CancellationToken token) in /tmp/KuduLite/Kudu.Core/Deployment/Generator/OryxBuilder.cs:line 123
   at Kudu.Core.Deployment.DeploymentManager.Build(ChangeSet changeSet, ITracer tracer, IDisposable deployStep, IRepository repository, DeploymentInfoBase deploymentInfo, DeploymentAnalytics deploymentAnalytics, Boolean fullBuildByDefault, CancellationToken cancellationToken) in /tmp/KuduLite/Kudu.Core/Deployment/DeploymentManager.cs:line 771
   at Kudu.Core.Deployment.DeploymentManager.Build(ChangeSet changeSet, ITracer tracer, IDisposable deployStep, IRepository repository, DeploymentInfoBase deploymentInfo, DeploymentAnalytics deploymentAnalytics, Boolean fullBuildByDefault, CancellationToken cancellationToken) in /tmp/KuduLite/Kudu.Core/Deployment/DeploymentManager.cs:line 840
   at Kudu.Core.Deployment.DeploymentManager.DeployAsync(IRepository repository, ChangeSet changeSet, String deployer, Boolean clean, DeploymentInfoBase deploymentInfo, Boolean needFileUpdate, Boolean fullBuildByDefault) in /tmp/KuduLite/Kudu.Core/Deployment/DeploymentManager.cs:line 266" /><!-- duration: 7ms -->
              </step><!-- duration: 196703ms -->
              <step title="Reloading status file with latest updates" date="2025-09-29T04:38:57.719" /><!-- duration: 18ms -->
              <step title="Error occurred" date="2025-09-29T04:38:57.767" type="error" text="rm: cannot remove &apos;/tmp/zipdeploy/extracted/oryx-build-commands.txt&apos;: No such file or directory
/bin/bash -c &quot;oryx build /tmp/zipdeploy/extracted -o /home/site/wwwroot --platform nodejs --platform-version 20 -p virtualenv_name= --log-file /tmp/build-debug.log  -i /tmp/8ddff11a5441ba8 -p compress_node_modules=tar-gz | tee /tmp/oryx-build.log ; exit $PIPESTATUS &quot;" stackTrace="   at Kudu.Core.Infrastructure.Executable.ExecuteInternal(ITracer tracer, Func`2 onWriteOutput, Func`2 onWriteError, CancellationToken token, Encoding encoding, String arguments, Object[] args) in /tmp/KuduLite/Kudu.Core/Infrastructure/Executable.cs:line 239
   at Kudu.Core.Infrastructure.Executable.ExecuteWithProgressWriter(ILogger logger, ITracer tracer, CancellationToken token, String arguments, Object[] args) in /tmp/KuduLite/Kudu.Core/Infrastructure/Executable.cs:line 118
   at Kudu.Core.Deployment.Generator.ExternalCommandBuilder.RunCommand(DeploymentContext context, String command, Boolean ignoreManifest, CancellationToken token, String message) in /tmp/KuduLite/Kudu.Core/Deployment/Generator/ExternalCommandBuilder.cs:line 122
   at Kudu.Core.Deployment.Generator.OryxBuilder.RunBuildCommand(IOryxArguments args, DeploymentContext context, CancellationToken token) in /tmp/KuduLite/Kudu.Core/Deployment/Generator/OryxBuilder.cs:line 282
   at Kudu.Core.Deployment.Generator.OryxBuilder.Build(DeploymentContext context, CancellationToken token) in /tmp/KuduLite/Kudu.Core/Deployment/Generator/OryxBuilder.cs:line 123
   at Kudu.Core.Deployment.DeploymentManager.Build(ChangeSet changeSet, ITracer tracer, IDisposable deployStep, IRepository repository, DeploymentInfoBase deploymentInfo, DeploymentAnalytics deploymentAnalytics, Boolean fullBuildByDefault, CancellationToken cancellationToken) in /tmp/KuduLite/Kudu.Core/Deployment/DeploymentManager.cs:line 771
   at Kudu.Core.Deployment.DeploymentManager.Build(ChangeSet changeSet, ITracer tracer, IDisposable deployStep, IRepository repository, DeploymentInfoBase deploymentInfo, DeploymentAnalytics deploymentAnalytics, Boolean fullBuildByDefault, CancellationToken cancellationToken) in /tmp/KuduLite/Kudu.Core/Deployment/DeploymentManager.cs:line 840
   at Kudu.Core.Deployment.DeploymentManager.DeployAsync(IRepository repository, ChangeSet changeSet, String deployer, Boolean clean, DeploymentInfoBase deploymentInfo, Boolean needFileUpdate, Boolean fullBuildByDefault) in /tmp/KuduLite/Kudu.Core/Deployment/DeploymentManager.cs:line 266" /><!-- duration: 18ms -->
              <step title="Could not find status file to mark the deployment failed" date="2025-09-29T04:38:57.936" /><!-- duration: 51ms -->
            </step><!-- duration: 199030ms -->
          </step><!-- duration: 199090ms -->
          <step title="Error occurred" date="2025-09-29T04:38:58.103" type="error" text="Deployment failed" stackTrace="   at Kudu.Core.Deployment.DeploymentManager.DeployAsync(IRepository repository, ChangeSet changeSet, String deployer, Boolean clean, DeploymentInfoBase deploymentInfo, Boolean needFileUpdate, Boolean fullBuildByDefault) in /tmp/KuduLite/Kudu.Core/Deployment/DeploymentManager.cs:line 307
   at Kudu.Core.Deployment.FetchDeploymentManager.PerformDeployment(DeploymentInfoBase deploymentInfo, IDisposable tempDeployment, ChangeSet tempChangeSet, DeployStatusApiResult updateStatusObj) in /tmp/KuduLite/Kudu.Core/Deployment/FetchDeploymentManager.cs:line 230
   at Kudu.Core.Deployment.FetchDeploymentManager.&lt;&gt;c__DisplayClass17_0.&lt;&lt;FetchDeploy&gt;b__0&gt;d.MoveNext() in /tmp/KuduLite/Kudu.Core/Deployment/FetchDeploymentManager.cs:line 131
--- End of stack trace from previous location ---
   at Kudu.Core.Deployment.FetchDeploymentManager.FetchDeploy(DeploymentInfoBase deployInfo, Boolean asyncRequested, Uri requestUri, String targetBranch) in /tmp/KuduLite/Kudu.Core/Deployment/FetchDeploymentManager.cs:line 124
   at Kudu.Services.Deployment.PushDeploymentController.PushDeployAsync(ArtifactDeploymentInfo deploymentInfo, Boolean isAsync, HttpContext context, JObject requestJson) in /tmp/KuduLite/Kudu.Services/Deployment/PushDeploymentController.cs:line 791
   at Kudu.Services.Deployment.PushDeploymentController.OneDeploy(String type, Boolean async, String path, Nullable`1 restart, Nullable`1 clean, Boolean ignoreStack, Boolean trackDeploymentProgress, Boolean trackStatus, Boolean reset) in /tmp/KuduLite/Kudu.Services/Deployment/PushDeploymentController.cs:line 624
   at Microsoft.AspNetCore.Mvc.Infrastructure.ActionMethodExecutor.TaskOfIActionResultExecutor.Execute(ActionContext actionContext, IActionResultTypeMapper mapper, ObjectMethodExecutor executor, Object controller, Object[] arguments)
   at Microsoft.AspNetCore.Mvc.Infrastructure.ControllerActionInvoker.&lt;InvokeActionMethodAsync&gt;g__Awaited|12_0(ControllerActionInvoker invoker, ValueTask`1 actionResultValueTask)
   at Microsoft.AspNetCore.Mvc.Infrastructure.ControllerActionInvoker.&lt;InvokeNextActionFilterAsync&gt;g__Awaited|10_0(ControllerActionInvoker invoker, Task lastTask, State next, Scope scope, Object state, Boolean isCompleted)
   at Microsoft.AspNetCore.Mvc.Infrastructure.ControllerActionInvoker.Rethrow(ActionExecutedContextSealed context)
   at Microsoft.AspNetCore.Mvc.Infrastructure.ControllerActionInvoker.Next(State&amp; next, Scope&amp; scope, Object&amp; state, Boolean&amp; isCompleted)
   at Microsoft.AspNetCore.Mvc.Infrastructure.ControllerActionInvoker.&lt;InvokeInnerFilterAsync&gt;g__Awaited|13_0(ControllerActionInvoker invoker, Task lastTask, State next, Scope scope, Object state, Boolean isCompleted)
   at Microsoft.AspNetCore.Mvc.Infrastructure.ResourceInvoker.&lt;InvokeNextResourceFilter&gt;g__Awaited|25_0(ResourceInvoker invoker, Task lastTask, State next, Scope scope, Object state, Boolean isCompleted)
   at Microsoft.AspNetCore.Mvc.Infrastructure.ResourceInvoker.Rethrow(ResourceExecutedContextSealed context)
   at Microsoft.AspNetCore.Mvc.Infrastructure.ResourceInvoker.Next(State&amp; next, Scope&amp; scope, Object&amp; state, Boolean&amp; isCompleted)
   at Microsoft.AspNetCore.Mvc.Infrastructure.ResourceInvoker.&lt;InvokeFilterPipelineAsync&gt;g__Awaited|20_0(ResourceInvoker invoker, Task lastTask, State next, Scope scope, Object state, Boolean isCompleted)
   at Microsoft.AspNetCore.Mvc.Infrastructure.ResourceInvoker.&lt;InvokeAsync&gt;g__Awaited|17_0(ResourceInvoker invoker, Task task, IDisposable scope)
   at Microsoft.AspNetCore.Mvc.Infrastructure.ResourceInvoker.&lt;InvokeAsync&gt;g__Awaited|17_0(ResourceInvoker invoker, Task task, IDisposable scope)
   at Microsoft.AspNetCore.Builder.RouterMiddleware.Invoke(HttpContext httpContext)
   at Kudu.Services.Web.Tracing.TraceMiddleware.Invoke(HttpContext context) in /tmp/KuduLite/Kudu.Services.Web/Tracing/TraceMiddleware.cs:line 101" innerText="rm: cannot remove &apos;/tmp/zipdeploy/extracted/oryx-build-commands.txt&apos;: No such file or directory
/bin/bash -c &quot;oryx build /tmp/zipdeploy/extracted -o /home/site/wwwroot --platform nodejs --platform-version 20 -p virtualenv_name= --log-file /tmp/build-debug.log  -i /tmp/8ddff11a5441ba8 -p compress_node_modules=tar-gz | tee /tmp/oryx-build.log ; exit $PIPESTATUS &quot;" innerStackTrace="   at Kudu.Core.Infrastructure.Executable.ExecuteInternal(ITracer tracer, Func`2 onWriteOutput, Func`2 onWriteError, CancellationToken token, Encoding encoding, String arguments, Object[] args) in /tmp/KuduLite/Kudu.Core/Infrastructure/Executable.cs:line 239
   at Kudu.Core.Infrastructure.Executable.ExecuteWithProgressWriter(ILogger logger, ITracer tracer, CancellationToken token, String arguments, Object[] args) in /tmp/KuduLite/Kudu.Core/Infrastructure/Executable.cs:line 118
   at Kudu.Core.Deployment.Generator.ExternalCommandBuilder.RunCommand(DeploymentContext context, String command, Boolean ignoreManifest, CancellationToken token, String message) in /tmp/KuduLite/Kudu.Core/Deployment/Generator/ExternalCommandBuilder.cs:line 122
   at Kudu.Core.Deployment.Generator.OryxBuilder.RunBuildCommand(IOryxArguments args, DeploymentContext context, CancellationToken token) in /tmp/KuduLite/Kudu.Core/Deployment/Generator/OryxBuilder.cs:line 282
   at Kudu.Core.Deployment.Generator.OryxBuilder.Build(DeploymentContext context, CancellationToken token) in /tmp/KuduLite/Kudu.Core/Deployment/Generator/OryxBuilder.cs:line 123
   at Kudu.Core.Deployment.DeploymentManager.Build(ChangeSet changeSet, ITracer tracer, IDisposable deployStep, IRepository repository, DeploymentInfoBase deploymentInfo, DeploymentAnalytics deploymentAnalytics, Boolean fullBuildByDefault, CancellationToken cancellationToken) in /tmp/KuduLite/Kudu.Core/Deployment/DeploymentManager.cs:line 771
   at Kudu.Core.Deployment.DeploymentManager.Build(ChangeSet changeSet, ITracer tracer, IDisposable deployStep, IRepository repository, DeploymentInfoBase deploymentInfo, DeploymentAnalytics deploymentAnalytics, Boolean fullBuildByDefault, CancellationToken cancellationToken) in /tmp/KuduLite/Kudu.Core/Deployment/DeploymentManager.cs:line 840
   at Kudu.Core.Deployment.DeploymentManager.DeployAsync(IRepository repository, ChangeSet changeSet, String deployer, Boolean clean, DeploymentInfoBase deploymentInfo, Boolean needFileUpdate, Boolean fullBuildByDefault) in /tmp/KuduLite/Kudu.Core/Deployment/DeploymentManager.cs:line 266" /><!-- duration: 21ms -->
          <step title="Incoming Request" date="2025-09-29T04:38:58.473" url="/Error?type=zip&amp;restart=True" method="POST" type="request" pid="823,1,69" Accept="*/*" Host="wonder-ceo-web.scm.azurewebsites.net" User-Agent="AZURECLI/2.77.0 (DEB)" Accept-Encoding="gzip, deflate" Authorization="Bea..." Cache-Control="no-cache" Content-Type="application/octet-stream" Cookie="ARRAffinity=94a41bc1b0bad4b76ec8de5af5839092b53f106e22f1ec1633d69c4db331a7c4; ARRAffinitySameSite=94a41bc1b0bad4b76ec8de5af5839092b53f106e22f1ec1633d69c4db331a7c4" Content-Length="7708030" x-ms-client-request-id="afd27f22-9ced-11f0-86df-00155df454f1" x-ms-artifact-checksum="2cecac74358abde7b27e11fc6462a6aad5d2d95d7bdeafd6d601ad03aebc051b" X-ARR-LOG-ID="afd27f22-9ced-11f0-86df-00155df454f1" CLIENT-IP="199.203.90.233:57170" X-SITE-DEPLOYMENT-ID="wonder-ceo-web" WAS-DEFAULT-HOSTNAME="wonder-ceo-web.scm.azurewebsites.net" X-Forwarded-Proto="https" X-AppService-Proto="https" X-Forwarded-TlsVersion="1.3" X-WAWS-Unencoded-URL="/api/publish?type=zip&amp;restart=True" X-Client-IP="199.203.90.233" X-Client-Port="57170" >
            <step title="Outgoing response" date="2025-09-29T04:38:59.161" type="response" statusCode="400" statusText="BadRequest" /><!-- duration: 13ms -->
          </step><!-- duration: 757ms -->
