<step title="Incoming Request" date="2025-09-29T07:23:37.723" instance="94a41b" url="/api/publish?type=zip&amp;async=True" method="POST" type="request" pid="829,1,71" Accept="*/*" Host="wonder-ceo-web.scm.azurewebsites.net" User-Agent="AZURECLI/2.77.0 (DEB)" Accept-Encoding="gzip, deflate" Authorization="Bea..." Cache-Control="no-cache" Content-Type="application/octet-stream" Cookie="ARRAffinity=94a41bc1b0bad4b76ec8de5af5839092b53f106e22f1ec1633d69c4db331a7c4; ARRAffinitySameSite=94a41bc1b0bad4b76ec8de5af5839092b53f106e22f1ec1633d69c4db331a7c4" Content-Length="7952987" x-ms-client-request-id="3289af78-9d05-11f0-86df-00155df454f1" x-ms-artifact-checksum="3a565cdeebfc059a22c5a815265bccec12d911c2ba9afd1f013a5f974cf3029f" X-ARR-LOG-ID="3289af78-9d05-11f0-86df-00155df454f1" CLIENT-IP="199.203.90.233:57094" X-SITE-DEPLOYMENT-ID="wonder-ceo-web" WAS-DEFAULT-HOSTNAME="wonder-ceo-web.scm.azurewebsites.net" X-Forwarded-Proto="https" X-AppService-Proto="https" X-Forwarded-TlsVersion="1.3" X-WAWS-Unencoded-URL="/api/publish?type=zip&amp;async=True" X-Client-IP="199.203.90.233" X-Client-Port="57094" >
  <step title="OneDeploy" date="2025-09-29T07:23:37.760" >
    <step title="Starting PushDeployAsync" date="2025-09-29T07:23:37.786" /><!-- duration: 20ms -->
    <step title="WEBSITE_RUN_FROM_PACKAGE is set to 1. Writing zip to SitePackagesPath" date="2025-09-29T07:23:37.836" /><!-- duration: 9ms -->
    <step title="Copying zip to SitePackages /home/data/SitePackages/20250929072337.zip from request body" date="2025-09-29T07:23:37.854" /><!-- duration: 12ms -->
    <step title="Writing multipart request body to /home/data/SitePackages/20250929072337.zip" date="2025-09-29T07:23:37.871" /><!-- duration: 6ms -->
    <step title="Deleting outdated zip file /home/data/SitePackages/20250929060606.zip" date="2025-09-29T07:23:40.695" /><!-- duration: 12ms -->
    <step title="Start deployment in the background" date="2025-09-29T07:23:40.725" >
      <step title="Acquiring Deployment Lock" date="2025-09-29T07:23:40.801" /><!-- duration: 6ms -->
      <step title="Acquired Deployment Lock" date="2025-09-29T07:23:40.846" /><!-- duration: 6ms -->
    </step><!-- duration: 316ms -->
  </step><!-- duration: 3292ms -->
  <step title="Outgoing response" date="2025-09-29T07:23:41.061" type="response" statusCode="202" statusText="Accepted" /><!-- duration: 6ms -->
</step><!-- duration: 3348ms -->
