<step title="Incoming Request" date="2025-09-25T12:47:03.134" instance="b45a72" url="/api/publish?type=zip" method="POST" type="request" pid="823,1,42" Accept="*/*" Host="wonder-ceo-web.scm.azurewebsites.net" User-Agent="AZURECLI/2.77.0 (DEB)" Accept-Encoding="gzip, deflate" Authorization="Bea..." Cache-Control="no-cache" Content-Type="application/octet-stream" Cookie="ARRAffinity=b45a72993595e7c2cff6388991a94deb8c993acf95a5c3755ecae7cdb9813e82; ARRAffinitySameSite=b45a72993595e7c2cff6388991a94deb8c993acf95a5c3755ecae7cdb9813e82" Content-Length="249577" x-ms-client-request-id="b43ab918-9a0d-11f0-86df-00155d9679fb" x-ms-artifact-checksum="f9d049c159c6d86f311144b4ba237a1514383b3f1e524ce9f035a1b8172a9f56" X-ARR-LOG-ID="b43ab918-9a0d-11f0-86df-00155d9679fb" CLIENT-IP="199.203.90.233:61806" X-SITE-DEPLOYMENT-ID="wonder-ceo-web" WAS-DEFAULT-HOSTNAME="wonder-ceo-web.scm.azurewebsites.net" X-Forwarded-Proto="https" X-AppService-Proto="https" X-Forwarded-TlsVersion="1.3" X-WAWS-Unencoded-URL="/api/publish?type=zip" X-Client-IP="199.203.90.233" X-Client-Port="61806" >
  <step title="OneDeploy" date="2025-09-25T12:47:03.255" >
    <step title="None repository commit" date="2025-09-25T12:47:03.273" >
      <step title="Commit id: 816bdcbd-90bb-4fc1-9b6b-2b4b5b4843a2" date="2025-09-25T12:47:03.277" Message="N/A" AuthorName="N/A" AuthorEmail="N/A" /><!-- duration: 3ms -->
    </step><!-- duration: 10ms -->
    <step title="Starting PushDeployAsync" date="2025-09-25T12:47:03.286" /><!-- duration: 3ms -->
    <step title="Writing artifact to /tmp/zipdeploy/f5599d12-b925-42c6-8381-4c7f2b41e722.zip" date="2025-09-25T12:47:03.708" >
      <step title="Writing multipart request body to /tmp/zipdeploy/f5599d12-b925-42c6-8381-4c7f2b41e722.zip" date="2025-09-25T12:47:03.712" /><!-- duration: 13ms -->
    </step><!-- duration: 146ms -->
    <step title="Attempting to fetch target branch HEAD" date="2025-09-25T12:47:03.862" /><!-- duration: 3ms -->
    <step title="Acquiring Deployment Lock" date="2025-09-25T12:47:03.867" /><!-- duration: 4ms -->
    <step title="Acquired Deployment Lock" date="2025-09-25T12:47:04.029" /><!-- duration: 3ms -->
    <step title="Performing fetch based deployment" date="2025-09-25T12:47:04.040" >
      <step title="Creating temporary deployment" date="2025-09-25T12:47:04.047" /><!-- duration: 77ms -->
      <step title="Releasing Deployment Lock" date="2025-09-25T12:47:05.323" /><!-- duration: 3ms -->
      <step title="Cleaning up temp folders from previous zip deployments and extracting pushed zip file /tmp/zipdeploy/f5599d12-b925-42c6-8381-4c7f2b41e722.zip (0.24 MB) to /tmp/zipdeploy/extracted" date="2025-09-25T12:47:05.362" >
        <step title="ChmodRecursive Process exited with total time taken in ms: 75" date="2025-09-25T12:47:05.488" /><!-- duration: 3ms -->
      </step><!-- duration: 133ms -->
      <step title="None repository commit" date="2025-09-25T12:47:05.501" >
        <step title="Commit id: 816bdcbd-90bb-4fc1-9b6b-2b4b5b4843a2" date="2025-09-25T12:47:05.504" Message="OneDeploy" AuthorName="N/A" AuthorEmail="N/A" /><!-- duration: 3ms -->
      </step><!-- duration: 8ms -->
      <step title="Deployment timer started" date="2025-09-25T12:47:07.523" >
        <step title="DeploymentManager.Deploy(id:816bdcbd-90bb-4fc1-9b6b-2b4b5b4843a2)" date="2025-09-25T12:47:07.562" >
          <step title="Collecting changeset information" date="2025-09-25T12:47:07.631" /><!-- duration: 126ms -->
          <step title="Updating submodules" date="2025-09-25T12:47:07.763" /><!-- duration: 1243ms -->
          <step title="Determining deployment builder" date="2025-09-25T12:47:09.388" >
            <step title="Builder is OneDeployBuilder" date="2025-09-25T12:47:09.447" /><!-- duration: 10ms -->
          </step><!-- duration: 81ms -->
          <step title="PreDeployment: context.CleanOutputPath False" date="2025-09-25T12:47:09.546" >
            <step title="PreDeployment: context.OutputPath /home/site/wwwroot" date="2025-09-25T12:47:11.490" >
              <step title="Building" date="2025-09-25T12:47:11.939" >
                <step title="Executing external process" date="2025-09-25T12:47:14.240" type="process" path="starter.sh" arguments="/opt/Kudu/Scripts/parallel_rsync.sh /tmp/zipdeploy/extracted /home/site/wwwroot 8 /tmp/ False False  " /><!-- duration: 8443ms -->
                <step title="Modified file to trigger a restart of the app container." date="2025-09-25T12:47:23.733" /><!-- duration: 18ms -->
                <step title="Skip function trigger and logicapp sync because function is not enabled." date="2025-09-25T12:47:23.872" /><!-- duration: 12ms -->
                <step title="Purge deployment items" date="2025-09-25T12:47:26.257" >
                  <step title="Remove 176d07d4-, Failed, received at 09/16/2025 10:31:55" date="2025-09-25T12:47:26.457" /><!-- duration: 9ms -->
                </step><!-- duration: 213ms -->
              </step><!-- duration: 14647ms -->
            </step><!-- duration: 15155ms -->
            <step title="Cleaning up temp files" date="2025-09-25T12:47:26.656" /><!-- duration: 8ms -->
            <step title="Cleaning up temp files" date="2025-09-25T12:47:26.675" /><!-- duration: 540ms -->
            <step title="Reloading status file with latest updates" date="2025-09-25T12:47:27.306" >
              <step title="WebHooksManager.PublishEventAsync: PostDeployment" date="2025-09-25T12:47:27.316" /><!-- duration: 113ms -->
            </step><!-- duration: 131ms -->
            <step title="Cleaning up temporary deployment - fetch deployment was successful" date="2025-09-25T12:47:27.447" /><!-- duration: 9ms -->
          </step><!-- duration: 17992ms -->
        </step><!-- duration: 20034ms -->
        <step title="Outgoing response" date="2025-09-25T12:47:27.617" type="response" statusCode="200" statusText="OK" /><!-- duration: 29ms -->
      </step><!-- duration: 20143ms -->
