<step title="BackgroundTrace" date="2025-09-29T07:17:38.238" instance="94a41b" url="/api/publish" method="POST" >
  <step title="Cleanup Xml Logs" date="2025-09-29T07:17:38.244" /><!-- duration: 20ms -->
  <step title="Creating temporary deployment - FetchDeploymentManager" date="2025-09-29T07:17:38.368" /><!-- duration: 5ms -->
  <step title="Creating temporary deployment" date="2025-09-29T07:17:38.385" /><!-- duration: 71ms -->
  <step title="Performing fetch based deployment" date="2025-09-29T07:17:38.524" >
    <step title="Deployment timer started" date="2025-09-29T07:17:41.831" >
      <step title="DeploymentManager.Deploy(id:bfd8742a-4a32-467b-876b-95ac8da54e9d)" date="2025-09-29T07:17:41.844" >
        <step title="Collecting changeset information" date="2025-09-29T07:17:41.912" /><!-- duration: 154ms -->
        <step title="Updating submodules" date="2025-09-29T07:17:42.089" /><!-- duration: 1139ms -->
        <step title="Determining deployment builder" date="2025-09-29T07:17:43.560" >
          <step title="Builder is RunFromZipSiteBuilder" date="2025-09-29T07:17:43.624" /><!-- duration: 8ms -->
        </step><!-- duration: 79ms -->
        <step title="PreDeployment: context.CleanOutputPath False" date="2025-09-29T07:17:43.733" >
          <step title="PreDeployment: context.OutputPath /home/site/wwwroot" date="2025-09-29T07:17:43.967" >
            <step title="Building" date="2025-09-29T07:17:44.286" >
              <step title="Modified file to trigger a restart of the app container." date="2025-09-29T07:17:45.132" /><!-- duration: 20ms -->
              <step title="Skip function trigger and logicapp sync because function is not enabled." date="2025-09-29T07:17:45.165" /><!-- duration: 28ms -->
              <step title="Purge deployment items" date="2025-09-29T07:17:50.218" >
                <step title="Remove 2305c40d-, Success, received at 09/28/2025 13:22:18" date="2025-09-29T07:17:50.308" /><!-- duration: 7ms -->
              </step><!-- duration: 105ms -->
            </step><!-- duration: 6123ms -->
          </step><!-- duration: 6454ms -->
          <step title="Cleaning up temp files" date="2025-09-29T07:17:50.427" /><!-- duration: 6ms -->
          <step title="Cleaning up temp files" date="2025-09-29T07:17:50.438" /><!-- duration: 508ms -->
          <step title="Reloading status file with latest updates" date="2025-09-29T07:17:51.001" >
            <step title="WebHooksManager.PublishEventAsync: PostDeployment" date="2025-09-29T07:17:51.014" /><!-- duration: 77ms -->
          </step><!-- duration: 112ms -->
          <step title="Cleaning up temporary deployment - fetch deployment was successful" date="2025-09-29T07:17:51.142" /><!-- duration: 20ms -->
        </step><!-- duration: 7725ms -->
      </step><!-- duration: 9646ms -->
