<step title="Incoming Request" date="2025-09-16T10:32:55.936" instance="b45a72" url="/api/zipdeploy?isAsync=true" method="POST" type="request" pid="821,1,15" Accept="*/*" Host="wonder-ceo-web.scm.azurewebsites.net" User-Agent="AZURECLI/2.77.0 (DEB)" Accept-Encoding="gzip, deflate" Authorization="Bea..." Cache-Control="no-cache" Content-Type="application/octet-stream" Content-Length="2370288" x-ms-client-request-id="7f31097e-92e8-11f0-86df-00155db73fc4" x-ms-artifact-checksum="30da814eba3181c58986cc4d0b41a0c2b34d3ee4a6c35e7dd669a37904fe63d1" X-ARR-LOG-ID="7f31097e-92e8-11f0-86df-00155db73fc4" CLIENT-IP="199.203.90.233:54563" X-SITE-DEPLOYMENT-ID="wonder-ceo-web" WAS-DEFAULT-HOSTNAME="wonder-ceo-web.scm.azurewebsites.net" X-Forwarded-Proto="https" X-AppService-Proto="https" X-Forwarded-TlsVersion="1.3" X-WAWS-Unencoded-URL="/api/zipdeploy?isAsync=true" X-Client-IP="199.203.90.233" X-Client-Port="54563" >
  <step title="ZipPushDeploy" date="2025-09-16T10:32:56.474" >
    <step title="ZipDeploy. Extract zip." date="2025-09-16T10:32:56.483" /><!-- duration: 4ms -->
    <step title="None repository commit" date="2025-09-16T10:32:56.493" >
      <step title="Commit id: ae1b19d3-e714-4b82-af59-f21676d41c94" date="2025-09-16T10:32:56.519" Message="N/A" AuthorName="N/A" AuthorEmail="N/A" /><!-- duration: 3ms -->
    </step><!-- duration: 33ms -->
    <step title="Starting PushDeployAsync" date="2025-09-16T10:32:56.530" /><!-- duration: 4ms -->
    <step title="Writing artifact to /tmp/zipdeploy/6cb750b5-8c01-40ce-a07f-b3414b05098e.zip" date="2025-09-16T10:32:56.549" >
      <step title="Writing multipart request body to /tmp/zipdeploy/6cb750b5-8c01-40ce-a07f-b3414b05098e.zip" date="2025-09-16T10:32:56.555" /><!-- duration: 5ms -->
    </step><!-- duration: 138ms -->
    <step title="Start deployment in the background" date="2025-09-16T10:32:56.700" >
      <step title="Acquiring Deployment Lock" date="2025-09-16T10:32:56.740" /><!-- duration: 9ms -->
      <step title="Acquired Deployment Lock" date="2025-09-16T10:32:56.827" /><!-- duration: 3ms -->
    </step><!-- duration: 248ms -->
  </step><!-- duration: 479ms -->
  <step title="Outgoing response" date="2025-09-16T10:32:56.971" type="response" statusCode="202" statusText="Accepted" /><!-- duration: 18ms -->
</step><!-- duration: 1057ms -->
