<step title="Incoming Request" date="2025-09-29T04:38:15.565" instance="94a41b" url="/api/deployments?warmup=true" method="GET" type="request" pid="823,1,72" Accept="*/*" Host="wonder-ceo-web.scm.azurewebsites.net" User-Agent="AZURECLI/2.77.0 (DEB)" Accept-Encoding="gzip, deflate" Authorization="Bea..." Cookie="ARRAffinity=94a41bc1b0bad4b76ec8de5af5839092b53f106e22f1ec1633d69c4db331a7c4; ARRAffinitySameSite=94a41bc1b0bad4b76ec8de5af5839092b53f106e22f1ec1633d69c4db331a7c4" x-ms-client-request-id="1703c818-9cee-11f0-86df-00155df454f1" X-ARR-LOG-ID="1703c818-9cee-11f0-86df-00155df454f1" CLIENT-IP="199.203.90.233:57115" X-SITE-DEPLOYMENT-ID="wonder-ceo-web" WAS-DEFAULT-HOSTNAME="wonder-ceo-web.scm.azurewebsites.net" X-Forwarded-Proto="https" X-AppService-Proto="https" X-Forwarded-TlsVersion="1.3" X-WAWS-Unencoded-URL="/api/deployments?warmup=true" X-Client-IP="199.203.90.233" X-Client-Port="57115" >
  <step title="Cleanup Xml Logs" date="2025-09-29T04:38:15.732" /><!-- duration: 478ms -->
  <step title="DeploymentService.GetCurrentEtag" date="2025-09-29T04:38:20.092" >
    <step title="Current Etag: &quot;f72200ee2a9be7df&quot;, Cached Etag: &quot;f722016dbc09b975&quot;" date="2025-09-29T04:38:21.775" /><!-- duration: 334ms -->
  </step><!-- duration: 2105ms -->
  <step title="DeploymentService.GetDeployResults" date="2025-09-29T04:38:22.304" >
    <step title="DeploymentManager.GetResults" date="2025-09-29T04:38:22.453" /><!-- duration: 7419ms -->
  </step><!-- duration: 13907ms -->
  <step title="Outgoing response" date="2025-09-29T04:38:36.524" type="response" statusCode="200" statusText="OK" /><!-- duration: 30ms -->
</step><!-- duration: 21023ms -->
