<step title="Incoming Request" date="2025-09-28T11:52:23.174" instance="94a41b" url="/api/publish?type=zip&amp;restart=True" method="POST" type="request" pid="823,1,20" Accept="*/*" Host="wonder-ceo-web.scm.azurewebsites.net" User-Agent="AZURECLI/2.77.0 (DEB)" Accept-Encoding="gzip, deflate" Authorization="Bea..." Cache-Control="no-cache" Content-Type="application/octet-stream" Cookie="ARRAffinity=94a41bc1b0bad4b76ec8de5af5839092b53f106e22f1ec1633d69c4db331a7c4; ARRAffinitySameSite=94a41bc1b0bad4b76ec8de5af5839092b53f106e22f1ec1633d69c4db331a7c4" Content-Length="982" x-ms-client-request-id="9214f744-9c61-11f0-86df-00155df45a0b" x-ms-artifact-checksum="12b08078ee5b8376b9bf71c876dd4d73094574426a41698935c3b531fa957f29" X-ARR-LOG-ID="9214f744-9c61-11f0-86df-00155df45a0b" CLIENT-IP="199.203.90.233:57876" X-SITE-DEPLOYMENT-ID="wonder-ceo-web" WAS-DEFAULT-HOSTNAME="wonder-ceo-web.scm.azurewebsites.net" X-Forwarded-Proto="https" X-AppService-Proto="https" X-Forwarded-TlsVersion="1.3" X-WAWS-Unencoded-URL="/api/publish?type=zip&amp;restart=True" X-Client-IP="199.203.90.233" X-Client-Port="57876" >
  <step title="OneDeploy" date="2025-09-28T11:52:23.481" >
    <step title="None repository commit" date="2025-09-28T11:52:23.559" >
      <step title="Commit id: eacd9ae5-6f43-4c83-957b-43229eb1c994" date="2025-09-28T11:52:23.579" Message="N/A" AuthorName="N/A" AuthorEmail="N/A" /><!-- duration: 36ms -->
    </step><!-- duration: 68ms -->
    <step title="Starting PushDeployAsync" date="2025-09-28T11:52:23.646" /><!-- duration: 12ms -->
    <step title="Writing artifact to /tmp/zipdeploy/4f3a2d76-cdf0-4525-8ec3-7f0531bbc5f7.zip" date="2025-09-28T11:52:23.920" >
      <step title="Writing multipart request body to /tmp/zipdeploy/4f3a2d76-cdf0-4525-8ec3-7f0531bbc5f7.zip" date="2025-09-28T11:52:23.932" /><!-- duration: 28ms -->
    </step><!-- duration: 110ms -->
    <step title="Attempting to fetch target branch HEAD" date="2025-09-28T11:52:24.116" /><!-- duration: 31ms -->
    <step title="Acquiring Deployment Lock" date="2025-09-28T11:52:24.175" /><!-- duration: 21ms -->
    <step title="Acquired Deployment Lock" date="2025-09-28T11:52:24.350" /><!-- duration: 51ms -->
    <step title="Performing fetch based deployment" date="2025-09-28T11:52:24.497" >
      <step title="Creating temporary deployment" date="2025-09-28T11:52:24.559" /><!-- duration: 186ms -->
      <step title="Releasing Deployment Lock" date="2025-09-28T11:52:26.250" /><!-- duration: 21ms -->
      <step title="Cleaning up temp folders from previous zip deployments and extracting pushed zip file /tmp/zipdeploy/4f3a2d76-cdf0-4525-8ec3-7f0531bbc5f7.zip (0.00 MB) to /tmp/zipdeploy/extracted" date="2025-09-28T11:52:26.537" >
        <step title="ChmodRecursive Process exited with total time taken in ms: 68" date="2025-09-28T11:52:26.665" /><!-- duration: 9ms -->
      </step><!-- duration: 143ms -->
      <step title="None repository commit" date="2025-09-28T11:52:26.687" >
        <step title="Commit id: eacd9ae5-6f43-4c83-957b-43229eb1c994" date="2025-09-28T11:52:26.696" Message="OneDeploy" AuthorName="N/A" AuthorEmail="N/A" /><!-- duration: 4ms -->
      </step><!-- duration: 18ms -->
      <step title="Deployment timer started" date="2025-09-28T11:52:28.717" >
        <step title="DeploymentManager.Deploy(id:eacd9ae5-6f43-4c83-957b-43229eb1c994)" date="2025-09-28T11:52:28.726" >
          <step title="Collecting changeset information" date="2025-09-28T11:52:28.753" /><!-- duration: 127ms -->
          <step title="Updating submodules" date="2025-09-28T11:52:28.988" /><!-- duration: 1219ms -->
          <step title="Determining deployment builder" date="2025-09-28T11:52:30.448" >
            <step title="Builder is OryxBuilder" date="2025-09-28T11:52:30.462" /><!-- duration: 6ms -->
          </step><!-- duration: 25ms -->
          <step title="PreDeployment: context.CleanOutputPath False" date="2025-09-28T11:52:30.538" >
            <step title="PreDeployment: context.OutputPath /home/site/wwwroot" date="2025-09-28T11:52:30.702" >
              <step title="Building" date="2025-09-28T11:52:30.861" >
                <step title="Executing external process" date="2025-09-28T11:52:31.290" type="process" path="bash" arguments="-c &quot;oryx build /tmp/zipdeploy/extracted -o /home/site/wwwroot --platform nodejs --platform-version 20 -p virtualenv_name= --log-file /tmp/build-debug.log  -i /tmp/8ddfe8580ff993f -p compress_node_modules=tar-gz | tee /tmp/oryx-build.log ; exit $PIPESTATUS &quot;" >
                  <step title="Process dump" date="2025-09-28T11:53:04.643" exitCode="1" type="processOutput" /><!-- duration: 9ms -->
                </step><!-- duration: 33384ms -->
                <step title="Error occurred" date="2025-09-28T11:53:04.789" type="error" text="npm error code ETARGET
npm error notarget No matching version found for express@^4.21.3.
npm error notarget In most cases you or one of your dependencies are requesting
npm error notarget a package version that doesn&apos;t exist.
npm notice
npm notice New major version of npm available! 10.8.2 -&gt; 11.6.1
npm notice Changelog: https://github.com/npm/cli/releases/tag/v11.6.1
npm notice To update run: npm install -g npm@11.6.1
npm notice
npm error A complete log of this run can be found in: /home/.npm/_logs/2025-09-28T11_52_54_191Z-debug-0.log
/bin/bash -c &quot;oryx build /tmp/zipdeploy/extracted -o /home/site/wwwroot --platform nodejs --platform-version 20 -p virtualenv_name= --log-file /tmp/build-debug.log  -i /tmp/8ddfe8580ff993f -p compress_node_modules=tar-gz | tee /tmp/oryx-build.log ; exit $PIPESTATUS &quot;" stackTrace="   at Kudu.Core.Infrastructure.Executable.ExecuteInternal(ITracer tracer, Func`2 onWriteOutput, Func`2 onWriteError, CancellationToken token, Encoding encoding, String arguments, Object[] args) in /tmp/KuduLite/Kudu.Core/Infrastructure/Executable.cs:line 239
   at Kudu.Core.Infrastructure.Executable.ExecuteWithProgressWriter(ILogger logger, ITracer tracer, CancellationToken token, String arguments, Object[] args) in /tmp/KuduLite/Kudu.Core/Infrastructure/Executable.cs:line 118
   at Kudu.Core.Deployment.Generator.ExternalCommandBuilder.RunCommand(DeploymentContext context, String command, Boolean ignoreManifest, CancellationToken token, String message) in /tmp/KuduLite/Kudu.Core/Deployment/Generator/ExternalCommandBuilder.cs:line 122" /><!-- duration: 5ms -->
                <step title="Error occurred" date="2025-09-28T11:53:04.821" type="error" text="npm error code ETARGET
npm error notarget No matching version found for express@^4.21.3.
npm error notarget In most cases you or one of your dependencies are requesting
npm error notarget a package version that doesn&apos;t exist.
npm notice
npm notice New major version of npm available! 10.8.2 -&gt; 11.6.1
npm notice Changelog: https://github.com/npm/cli/releases/tag/v11.6.1
npm notice To update run: npm install -g npm@11.6.1
npm notice
npm error A complete log of this run can be found in: /home/.npm/_logs/2025-09-28T11_52_54_191Z-debug-0.log
/bin/bash -c &quot;oryx build /tmp/zipdeploy/extracted -o /home/site/wwwroot --platform nodejs --platform-version 20 -p virtualenv_name= --log-file /tmp/build-debug.log  -i /tmp/8ddfe8580ff993f -p compress_node_modules=tar-gz | tee /tmp/oryx-build.log ; exit $PIPESTATUS &quot;" stackTrace="   at Kudu.Core.Infrastructure.Executable.ExecuteInternal(ITracer tracer, Func`2 onWriteOutput, Func`2 onWriteError, CancellationToken token, Encoding encoding, String arguments, Object[] args) in /tmp/KuduLite/Kudu.Core/Infrastructure/Executable.cs:line 239
   at Kudu.Core.Infrastructure.Executable.ExecuteWithProgressWriter(ILogger logger, ITracer tracer, CancellationToken token, String arguments, Object[] args) in /tmp/KuduLite/Kudu.Core/Infrastructure/Executable.cs:line 118
   at Kudu.Core.Deployment.Generator.ExternalCommandBuilder.RunCommand(DeploymentContext context, String command, Boolean ignoreManifest, CancellationToken token, String message) in /tmp/KuduLite/Kudu.Core/Deployment/Generator/ExternalCommandBuilder.cs:line 122
   at Kudu.Core.Deployment.Generator.OryxBuilder.RunBuildCommand(IOryxArguments args, DeploymentContext context, CancellationToken token) in /tmp/KuduLite/Kudu.Core/Deployment/Generator/OryxBuilder.cs:line 282
   at Kudu.Core.Deployment.Generator.OryxBuilder.Build(DeploymentContext context, CancellationToken token) in /tmp/KuduLite/Kudu.Core/Deployment/Generator/OryxBuilder.cs:line 123
   at Kudu.Core.Deployment.DeploymentManager.Build(ChangeSet changeSet, ITracer tracer, IDisposable deployStep, IRepository repository, DeploymentInfoBase deploymentInfo, DeploymentAnalytics deploymentAnalytics, Boolean fullBuildByDefault, CancellationToken cancellationToken) in /tmp/KuduLite/Kudu.Core/Deployment/DeploymentManager.cs:line 771" /><!-- duration: 5ms -->
                <step title="Using GenericDeploymentLogParser" date="2025-09-28T11:53:05.315" /><!-- duration: 18ms -->
              </step><!-- duration: 37332ms -->
            </step><!-- duration: 37579ms -->
            <step title="Error occurred" date="2025-09-28T11:53:08.320" type="error" text="npm error code ETARGET
npm error notarget No matching version found for express@^4.21.3.
npm error notarget In most cases you or one of your dependencies are requesting
npm error notarget a package version that doesn&apos;t exist.
npm notice
npm notice New major version of npm available! 10.8.2 -&gt; 11.6.1
npm notice Changelog: https://github.com/npm/cli/releases/tag/v11.6.1
npm notice To update run: npm install -g npm@11.6.1
npm notice
npm error A complete log of this run can be found in: /home/.npm/_logs/2025-09-28T11_52_54_191Z-debug-0.log
/bin/bash -c &quot;oryx build /tmp/zipdeploy/extracted -o /home/site/wwwroot --platform nodejs --platform-version 20 -p virtualenv_name= --log-file /tmp/build-debug.log  -i /tmp/8ddfe8580ff993f -p compress_node_modules=tar-gz | tee /tmp/oryx-build.log ; exit $PIPESTATUS &quot;" stackTrace="   at Kudu.Core.Infrastructure.Executable.ExecuteInternal(ITracer tracer, Func`2 onWriteOutput, Func`2 onWriteError, CancellationToken token, Encoding encoding, String arguments, Object[] args) in /tmp/KuduLite/Kudu.Core/Infrastructure/Executable.cs:line 239
   at Kudu.Core.Infrastructure.Executable.ExecuteWithProgressWriter(ILogger logger, ITracer tracer, CancellationToken token, String arguments, Object[] args) in /tmp/KuduLite/Kudu.Core/Infrastructure/Executable.cs:line 118
   at Kudu.Core.Deployment.Generator.ExternalCommandBuilder.RunCommand(DeploymentContext context, String command, Boolean ignoreManifest, CancellationToken token, String message) in /tmp/KuduLite/Kudu.Core/Deployment/Generator/ExternalCommandBuilder.cs:line 122
   at Kudu.Core.Deployment.Generator.OryxBuilder.RunBuildCommand(IOryxArguments args, DeploymentContext context, CancellationToken token) in /tmp/KuduLite/Kudu.Core/Deployment/Generator/OryxBuilder.cs:line 282
   at Kudu.Core.Deployment.Generator.OryxBuilder.Build(DeploymentContext context, CancellationToken token) in /tmp/KuduLite/Kudu.Core/Deployment/Generator/OryxBuilder.cs:line 123
   at Kudu.Core.Deployment.DeploymentManager.Build(ChangeSet changeSet, ITracer tracer, IDisposable deployStep, IRepository repository, DeploymentInfoBase deploymentInfo, DeploymentAnalytics deploymentAnalytics, Boolean fullBuildByDefault, CancellationToken cancellationToken) in /tmp/KuduLite/Kudu.Core/Deployment/DeploymentManager.cs:line 771
   at Kudu.Core.Deployment.DeploymentManager.Build(ChangeSet changeSet, ITracer tracer, IDisposable deployStep, IRepository repository, DeploymentInfoBase deploymentInfo, DeploymentAnalytics deploymentAnalytics, Boolean fullBuildByDefault, CancellationToken cancellationToken) in /tmp/KuduLite/Kudu.Core/Deployment/DeploymentManager.cs:line 840" /><!-- duration: 48ms -->
            <step title="Cleaning up temp files" date="2025-09-28T11:53:08.522" /><!-- duration: 8ms -->
            <step title="Cleaning up temp files" date="2025-09-28T11:53:08.542" /><!-- duration: 531ms -->
            <step title="Error occurred" date="2025-09-28T11:53:09.154" type="error" text="npm error code ETARGET
npm error notarget No matching version found for express@^4.21.3.
npm error notarget In most cases you or one of your dependencies are requesting
npm error notarget a package version that doesn&apos;t exist.
npm notice
npm notice New major version of npm available! 10.8.2 -&gt; 11.6.1
npm notice Changelog: https://github.com/npm/cli/releases/tag/v11.6.1
npm notice To update run: npm install -g npm@11.6.1
npm notice
npm error A complete log of this run can be found in: /home/.npm/_logs/2025-09-28T11_52_54_191Z-debug-0.log
/bin/bash -c &quot;oryx build /tmp/zipdeploy/extracted -o /home/site/wwwroot --platform nodejs --platform-version 20 -p virtualenv_name= --log-file /tmp/build-debug.log  -i /tmp/8ddfe8580ff993f -p compress_node_modules=tar-gz | tee /tmp/oryx-build.log ; exit $PIPESTATUS &quot;" stackTrace="   at Kudu.Core.Infrastructure.Executable.ExecuteInternal(ITracer tracer, Func`2 onWriteOutput, Func`2 onWriteError, CancellationToken token, Encoding encoding, String arguments, Object[] args) in /tmp/KuduLite/Kudu.Core/Infrastructure/Executable.cs:line 239
   at Kudu.Core.Infrastructure.Executable.ExecuteWithProgressWriter(ILogger logger, ITracer tracer, CancellationToken token, String arguments, Object[] args) in /tmp/KuduLite/Kudu.Core/Infrastructure/Executable.cs:line 118
   at Kudu.Core.Deployment.Generator.ExternalCommandBuilder.RunCommand(DeploymentContext context, String command, Boolean ignoreManifest, CancellationToken token, String message) in /tmp/KuduLite/Kudu.Core/Deployment/Generator/ExternalCommandBuilder.cs:line 122
   at Kudu.Core.Deployment.Generator.OryxBuilder.RunBuildCommand(IOryxArguments args, DeploymentContext context, CancellationToken token) in /tmp/KuduLite/Kudu.Core/Deployment/Generator/OryxBuilder.cs:line 282
   at Kudu.Core.Deployment.Generator.OryxBuilder.Build(DeploymentContext context, CancellationToken token) in /tmp/KuduLite/Kudu.Core/Deployment/Generator/OryxBuilder.cs:line 123
   at Kudu.Core.Deployment.DeploymentManager.Build(ChangeSet changeSet, ITracer tracer, IDisposable deployStep, IRepository repository, DeploymentInfoBase deploymentInfo, DeploymentAnalytics deploymentAnalytics, Boolean fullBuildByDefault, CancellationToken cancellationToken) in /tmp/KuduLite/Kudu.Core/Deployment/DeploymentManager.cs:line 771
   at Kudu.Core.Deployment.DeploymentManager.Build(ChangeSet changeSet, ITracer tracer, IDisposable deployStep, IRepository repository, DeploymentInfoBase deploymentInfo, DeploymentAnalytics deploymentAnalytics, Boolean fullBuildByDefault, CancellationToken cancellationToken) in /tmp/KuduLite/Kudu.Core/Deployment/DeploymentManager.cs:line 840
   at Kudu.Core.Deployment.DeploymentManager.DeployAsync(IRepository repository, ChangeSet changeSet, String deployer, Boolean clean, DeploymentInfoBase deploymentInfo, Boolean needFileUpdate, Boolean fullBuildByDefault) in /tmp/KuduLite/Kudu.Core/Deployment/DeploymentManager.cs:line 266" /><!-- duration: 19ms -->
          </step><!-- duration: 38658ms -->
          <step title="Reloading status file with latest updates" date="2025-09-28T11:53:09.276" >
            <step title="WebHooksManager.PublishEventAsync: PostDeployment" date="2025-09-28T11:53:09.307" /><!-- duration: 187ms -->
          </step><!-- duration: 224ms -->
          <step title="Error occurred" date="2025-09-28T11:53:09.506" type="error" text="npm error code ETARGET
npm error notarget No matching version found for express@^4.21.3.
npm error notarget In most cases you or one of your dependencies are requesting
npm error notarget a package version that doesn&apos;t exist.
npm notice
npm notice New major version of npm available! 10.8.2 -&gt; 11.6.1
npm notice Changelog: https://github.com/npm/cli/releases/tag/v11.6.1
npm notice To update run: npm install -g npm@11.6.1
npm notice
npm error A complete log of this run can be found in: /home/.npm/_logs/2025-09-28T11_52_54_191Z-debug-0.log
/bin/bash -c &quot;oryx build /tmp/zipdeploy/extracted -o /home/site/wwwroot --platform nodejs --platform-version 20 -p virtualenv_name= --log-file /tmp/build-debug.log  -i /tmp/8ddfe8580ff993f -p compress_node_modules=tar-gz | tee /tmp/oryx-build.log ; exit $PIPESTATUS &quot;" stackTrace="   at Kudu.Core.Infrastructure.Executable.ExecuteInternal(ITracer tracer, Func`2 onWriteOutput, Func`2 onWriteError, CancellationToken token, Encoding encoding, String arguments, Object[] args) in /tmp/KuduLite/Kudu.Core/Infrastructure/Executable.cs:line 239
   at Kudu.Core.Infrastructure.Executable.ExecuteWithProgressWriter(ILogger logger, ITracer tracer, CancellationToken token, String arguments, Object[] args) in /tmp/KuduLite/Kudu.Core/Infrastructure/Executable.cs:line 118
   at Kudu.Core.Deployment.Generator.ExternalCommandBuilder.RunCommand(DeploymentContext context, String command, Boolean ignoreManifest, CancellationToken token, String message) in /tmp/KuduLite/Kudu.Core/Deployment/Generator/ExternalCommandBuilder.cs:line 122
   at Kudu.Core.Deployment.Generator.OryxBuilder.RunBuildCommand(IOryxArguments args, DeploymentContext context, CancellationToken token) in /tmp/KuduLite/Kudu.Core/Deployment/Generator/OryxBuilder.cs:line 282
   at Kudu.Core.Deployment.Generator.OryxBuilder.Build(DeploymentContext context, CancellationToken token) in /tmp/KuduLite/Kudu.Core/Deployment/Generator/OryxBuilder.cs:line 123
   at Kudu.Core.Deployment.DeploymentManager.Build(ChangeSet changeSet, ITracer tracer, IDisposable deployStep, IRepository repository, DeploymentInfoBase deploymentInfo, DeploymentAnalytics deploymentAnalytics, Boolean fullBuildByDefault, CancellationToken cancellationToken) in /tmp/KuduLite/Kudu.Core/Deployment/DeploymentManager.cs:line 771
   at Kudu.Core.Deployment.DeploymentManager.Build(ChangeSet changeSet, ITracer tracer, IDisposable deployStep, IRepository repository, DeploymentInfoBase deploymentInfo, DeploymentAnalytics deploymentAnalytics, Boolean fullBuildByDefault, CancellationToken cancellationToken) in /tmp/KuduLite/Kudu.Core/Deployment/DeploymentManager.cs:line 840
   at Kudu.Core.Deployment.DeploymentManager.DeployAsync(IRepository repository, ChangeSet changeSet, String deployer, Boolean clean, DeploymentInfoBase deploymentInfo, Boolean needFileUpdate, Boolean fullBuildByDefault) in /tmp/KuduLite/Kudu.Core/Deployment/DeploymentManager.cs:line 266" /><!-- duration: 5ms -->
          <step title="Marking deployment as failed and cleaning up the temp deployment" date="2025-09-28T11:53:09.609" /><!-- duration: 7ms -->
        </step><!-- duration: 41083ms -->
      </step><!-- duration: 41100ms -->
      <step title="Error occurred" date="2025-09-28T11:53:09.871" type="error" text="Deployment failed" stackTrace="   at Kudu.Core.Deployment.DeploymentManager.DeployAsync(IRepository repository, ChangeSet changeSet, String deployer, Boolean clean, DeploymentInfoBase deploymentInfo, Boolean needFileUpdate, Boolean fullBuildByDefault) in /tmp/KuduLite/Kudu.Core/Deployment/DeploymentManager.cs:line 307
   at Kudu.Core.Deployment.FetchDeploymentManager.PerformDeployment(DeploymentInfoBase deploymentInfo, IDisposable tempDeployment, ChangeSet tempChangeSet, DeployStatusApiResult updateStatusObj) in /tmp/KuduLite/Kudu.Core/Deployment/FetchDeploymentManager.cs:line 230
   at Kudu.Core.Deployment.FetchDeploymentManager.&lt;&gt;c__DisplayClass17_0.&lt;&lt;FetchDeploy&gt;b__0&gt;d.MoveNext() in /tmp/KuduLite/Kudu.Core/Deployment/FetchDeploymentManager.cs:line 131
--- End of stack trace from previous location ---
   at Kudu.Core.Deployment.FetchDeploymentManager.FetchDeploy(DeploymentInfoBase deployInfo, Boolean asyncRequested, Uri requestUri, String targetBranch) in /tmp/KuduLite/Kudu.Core/Deployment/FetchDeploymentManager.cs:line 124
   at Kudu.Services.Deployment.PushDeploymentController.PushDeployAsync(ArtifactDeploymentInfo deploymentInfo, Boolean isAsync, HttpContext context, JObject requestJson) in /tmp/KuduLite/Kudu.Services/Deployment/PushDeploymentController.cs:line 791
   at Kudu.Services.Deployment.PushDeploymentController.OneDeploy(String type, Boolean async, String path, Nullable`1 restart, Nullable`1 clean, Boolean ignoreStack, Boolean trackDeploymentProgress, Boolean trackStatus, Boolean reset) in /tmp/KuduLite/Kudu.Services/Deployment/PushDeploymentController.cs:line 624
   at Microsoft.AspNetCore.Mvc.Infrastructure.ActionMethodExecutor.TaskOfIActionResultExecutor.Execute(ActionContext actionContext, IActionResultTypeMapper mapper, ObjectMethodExecutor executor, Object controller, Object[] arguments)
   at Microsoft.AspNetCore.Mvc.Infrastructure.ControllerActionInvoker.&lt;InvokeActionMethodAsync&gt;g__Awaited|12_0(ControllerActionInvoker invoker, ValueTask`1 actionResultValueTask)
   at Microsoft.AspNetCore.Mvc.Infrastructure.ControllerActionInvoker.&lt;InvokeNextActionFilterAsync&gt;g__Awaited|10_0(ControllerActionInvoker invoker, Task lastTask, State next, Scope scope, Object state, Boolean isCompleted)
   at Microsoft.AspNetCore.Mvc.Infrastructure.ControllerActionInvoker.Rethrow(ActionExecutedContextSealed context)
   at Microsoft.AspNetCore.Mvc.Infrastructure.ControllerActionInvoker.Next(State&amp; next, Scope&amp; scope, Object&amp; state, Boolean&amp; isCompleted)
   at Microsoft.AspNetCore.Mvc.Infrastructure.ControllerActionInvoker.&lt;InvokeInnerFilterAsync&gt;g__Awaited|13_0(ControllerActionInvoker invoker, Task lastTask, State next, Scope scope, Object state, Boolean isCompleted)
   at Microsoft.AspNetCore.Mvc.Infrastructure.ResourceInvoker.&lt;InvokeNextResourceFilter&gt;g__Awaited|25_0(ResourceInvoker invoker, Task lastTask, State next, Scope scope, Object state, Boolean isCompleted)
   at Microsoft.AspNetCore.Mvc.Infrastructure.ResourceInvoker.Rethrow(ResourceExecutedContextSealed context)
   at Microsoft.AspNetCore.Mvc.Infrastructure.ResourceInvoker.Next(State&amp; next, Scope&amp; scope, Object&amp; state, Boolean&amp; isCompleted)
   at Microsoft.AspNetCore.Mvc.Infrastructure.ResourceInvoker.&lt;InvokeFilterPipelineAsync&gt;g__Awaited|20_0(ResourceInvoker invoker, Task lastTask, State next, Scope scope, Object state, Boolean isCompleted)
   at Microsoft.AspNetCore.Mvc.Infrastructure.ResourceInvoker.&lt;InvokeAsync&gt;g__Awaited|17_0(ResourceInvoker invoker, Task task, IDisposable scope)
   at Microsoft.AspNetCore.Mvc.Infrastructure.ResourceInvoker.&lt;InvokeAsync&gt;g__Awaited|17_0(ResourceInvoker invoker, Task task, IDisposable scope)
   at Microsoft.AspNetCore.Builder.RouterMiddleware.Invoke(HttpContext httpContext)
   at Kudu.Services.Web.Tracing.TraceMiddleware.Invoke(HttpContext context) in /tmp/KuduLite/Kudu.Services.Web/Tracing/TraceMiddleware.cs:line 101" innerText="npm error code ETARGET
npm error notarget No matching version found for express@^4.21.3.
npm error notarget In most cases you or one of your dependencies are requesting
npm error notarget a package version that doesn&apos;t exist.
npm notice
npm notice New major version of npm available! 10.8.2 -&gt; 11.6.1
npm notice Changelog: https://github.com/npm/cli/releases/tag/v11.6.1
npm notice To update run: npm install -g npm@11.6.1
npm notice
npm error A complete log of this run can be found in: /home/.npm/_logs/2025-09-28T11_52_54_191Z-debug-0.log
/bin/bash -c &quot;oryx build /tmp/zipdeploy/extracted -o /home/site/wwwroot --platform nodejs --platform-version 20 -p virtualenv_name= --log-file /tmp/build-debug.log  -i /tmp/8ddfe8580ff993f -p compress_node_modules=tar-gz | tee /tmp/oryx-build.log ; exit $PIPESTATUS &quot;" innerStackTrace="   at Kudu.Core.Infrastructure.Executable.ExecuteInternal(ITracer tracer, Func`2 onWriteOutput, Func`2 onWriteError, CancellationToken token, Encoding encoding, String arguments, Object[] args) in /tmp/KuduLite/Kudu.Core/Infrastructure/Executable.cs:line 239
   at Kudu.Core.Infrastructure.Executable.ExecuteWithProgressWriter(ILogger logger, ITracer tracer, CancellationToken token, String arguments, Object[] args) in /tmp/KuduLite/Kudu.Core/Infrastructure/Executable.cs:line 118
   at Kudu.Core.Deployment.Generator.ExternalCommandBuilder.RunCommand(DeploymentContext context, String command, Boolean ignoreManifest, CancellationToken token, String message) in /tmp/KuduLite/Kudu.Core/Deployment/Generator/ExternalCommandBuilder.cs:line 122
   at Kudu.Core.Deployment.Generator.OryxBuilder.RunBuildCommand(IOryxArguments args, DeploymentContext context, CancellationToken token) in /tmp/KuduLite/Kudu.Core/Deployment/Generator/OryxBuilder.cs:line 282
   at Kudu.Core.Deployment.Generator.OryxBuilder.Build(DeploymentContext context, CancellationToken token) in /tmp/KuduLite/Kudu.Core/Deployment/Generator/OryxBuilder.cs:line 123
   at Kudu.Core.Deployment.DeploymentManager.Build(ChangeSet changeSet, ITracer tracer, IDisposable deployStep, IRepository repository, DeploymentInfoBase deploymentInfo, DeploymentAnalytics deploymentAnalytics, Boolean fullBuildByDefault, CancellationToken cancellationToken) in /tmp/KuduLite/Kudu.Core/Deployment/DeploymentManager.cs:line 771
   at Kudu.Core.Deployment.DeploymentManager.Build(ChangeSet changeSet, ITracer tracer, IDisposable deployStep, IRepository repository, DeploymentInfoBase deploymentInfo, DeploymentAnalytics deploymentAnalytics, Boolean fullBuildByDefault, CancellationToken cancellationToken) in /tmp/KuduLite/Kudu.Core/Deployment/DeploymentManager.cs:line 840
   at Kudu.Core.Deployment.DeploymentManager.DeployAsync(IRepository repository, ChangeSet changeSet, String deployer, Boolean clean, DeploymentInfoBase deploymentInfo, Boolean needFileUpdate, Boolean fullBuildByDefault) in /tmp/KuduLite/Kudu.Core/Deployment/DeploymentManager.cs:line 266" /><!-- duration: 24ms -->
      <step title="Incoming Request" date="2025-09-28T11:53:09.982" url="/Error?type=zip&amp;restart=True" method="POST" type="request" pid="823,1,5" Accept="*/*" Host="wonder-ceo-web.scm.azurewebsites.net" User-Agent="AZURECLI/2.77.0 (DEB)" Accept-Encoding="gzip, deflate" Authorization="Bea..." Cache-Control="no-cache" Content-Type="application/octet-stream" Cookie="ARRAffinity=94a41bc1b0bad4b76ec8de5af5839092b53f106e22f1ec1633d69c4db331a7c4; ARRAffinitySameSite=94a41bc1b0bad4b76ec8de5af5839092b53f106e22f1ec1633d69c4db331a7c4" Content-Length="982" x-ms-client-request-id="9214f744-9c61-11f0-86df-00155df45a0b" x-ms-artifact-checksum="12b08078ee5b8376b9bf71c876dd4d73094574426a41698935c3b531fa957f29" X-ARR-LOG-ID="9214f744-9c61-11f0-86df-00155df45a0b" CLIENT-IP="199.203.90.233:57876" X-SITE-DEPLOYMENT-ID="wonder-ceo-web" WAS-DEFAULT-HOSTNAME="wonder-ceo-web.scm.azurewebsites.net" X-Forwarded-Proto="https" X-AppService-Proto="https" X-Forwarded-TlsVersion="1.3" X-WAWS-Unencoded-URL="/api/publish?type=zip&amp;restart=True" X-Client-IP="199.203.90.233" X-Client-Port="57876" >
        <step title="Outgoing response" date="2025-09-28T11:53:10.294" type="response" statusCode="400" statusText="BadRequest" /><!-- duration: 77ms -->
      </step><!-- duration: 412ms -->
