<step title="Incoming Request" date="2025-09-28T08:46:59.405" instance="94a41b" url="/api/publish?type=zip" method="POST" type="request" pid="823,1,20" Accept="*/*" Host="wonder-ceo-web.scm.azurewebsites.net" User-Agent="AZURECLI/2.77.0 (DEB)" Accept-Encoding="gzip, deflate" Authorization="Bea..." Cache-Control="no-cache" Content-Type="application/octet-stream" Cookie="ARRAffinity=94a41bc1b0bad4b76ec8de5af5839092b53f106e22f1ec1633d69c4db331a7c4; ARRAffinitySameSite=94a41bc1b0bad4b76ec8de5af5839092b53f106e22f1ec1633d69c4db331a7c4" Content-Length="4979036" x-ms-client-request-id="aa5c6b80-9c47-11f0-86df-00155df45a0b" x-ms-artifact-checksum="8ab5a1ccd35d80da6ae3e00289e8fc51f6e878655f703c49e3419ded8634ad1e" X-ARR-LOG-ID="aa5c6b80-9c47-11f0-86df-00155df45a0b" CLIENT-IP="199.203.90.233:57896" X-SITE-DEPLOYMENT-ID="wonder-ceo-web" WAS-DEFAULT-HOSTNAME="wonder-ceo-web.scm.azurewebsites.net" X-Forwarded-Proto="https" X-AppService-Proto="https" X-Forwarded-TlsVersion="1.3" X-WAWS-Unencoded-URL="/api/publish?type=zip" X-Client-IP="199.203.90.233" X-Client-Port="57896" >
  <step title="OneDeploy" date="2025-09-28T08:46:59.780" >
    <step title="None repository commit" date="2025-09-28T08:46:59.824" >
      <step title="Commit id: 9072be57-196a-43d4-a992-3dbcbdad8785" date="2025-09-28T08:46:59.835" Message="N/A" AuthorName="N/A" AuthorEmail="N/A" /><!-- duration: 4ms -->
    </step><!-- duration: 32ms -->
    <step title="Starting PushDeployAsync" date="2025-09-28T08:46:59.861" /><!-- duration: 4ms -->
    <step title="Writing artifact to /tmp/zipdeploy/617dab50-a543-4c5c-a88e-8bcfd2d9b0bd.zip" date="2025-09-28T08:47:00.355" >
      <step title="Writing multipart request body to /tmp/zipdeploy/617dab50-a543-4c5c-a88e-8bcfd2d9b0bd.zip" date="2025-09-28T08:47:00.385" /><!-- duration: 28ms -->
    </step><!-- duration: 1933ms -->
    <step title="Attempting to fetch target branch HEAD" date="2025-09-28T08:47:02.433" /><!-- duration: 20ms -->
    <step title="Acquiring Deployment Lock" date="2025-09-28T08:47:02.492" /><!-- duration: 20ms -->
    <step title="Acquired Deployment Lock" date="2025-09-28T08:47:02.996" /><!-- duration: 19ms -->
    <step title="Performing fetch based deployment" date="2025-09-28T08:47:03.046" >
      <step title="Creating temporary deployment" date="2025-09-28T08:47:03.085" /><!-- duration: 338ms -->
      <step title="Releasing Deployment Lock" date="2025-09-28T08:47:04.667" /><!-- duration: 4ms -->
      <step title="Cleaning up temp folders from previous zip deployments and extracting pushed zip file /tmp/zipdeploy/617dab50-a543-4c5c-a88e-8bcfd2d9b0bd.zip (4.75 MB) to /tmp/zipdeploy/extracted" date="2025-09-28T08:47:04.745" >
        <step title="ChmodRecursive Process exited with total time taken in ms: 191" date="2025-09-28T08:47:08.158" /><!-- duration: 20ms -->
      </step><!-- duration: 3460ms -->
      <step title="None repository commit" date="2025-09-28T08:47:08.236" >
        <step title="Commit id: 9072be57-196a-43d4-a992-3dbcbdad8785" date="2025-09-28T08:47:08.254" Message="OneDeploy" AuthorName="N/A" AuthorEmail="N/A" /><!-- duration: 5ms -->
      </step><!-- duration: 30ms -->
      <step title="Deployment timer started" date="2025-09-28T08:47:10.314" >
        <step title="DeploymentManager.Deploy(id:9072be57-196a-43d4-a992-3dbcbdad8785)" date="2025-09-28T08:47:10.437" >
          <step title="Collecting changeset information" date="2025-09-28T08:47:10.521" /><!-- duration: 284ms -->
          <step title="Updating submodules" date="2025-09-28T08:47:10.876" /><!-- duration: 1539ms -->
          <step title="Determining deployment builder" date="2025-09-28T08:47:12.975" >
            <step title="Builder is OneDeployBuilder" date="2025-09-28T08:47:13.043" /><!-- duration: 27ms -->
          </step><!-- duration: 125ms -->
          <step title="PreDeployment: context.CleanOutputPath False" date="2025-09-28T08:47:13.273" >
            <step title="PreDeployment: context.OutputPath /home/site/wwwroot" date="2025-09-28T08:47:13.622" >
              <step title="Building" date="2025-09-28T08:47:14.048" >
                <step title="Executing external process" date="2025-09-28T08:47:15.565" type="process" path="starter.sh" arguments="/opt/Kudu/Scripts/parallel_rsync.sh /tmp/zipdeploy/extracted /home/site/wwwroot 8 /tmp/ False False  " /><!-- duration: 77167ms -->
                <step title="Modified file to trigger a restart of the app container." date="2025-09-28T08:48:33.861" /><!-- duration: 29ms -->
                <step title="Skip function trigger and logicapp sync because function is not enabled." date="2025-09-28T08:48:33.909" /><!-- duration: 38ms -->
                <step title="Purge deployment items" date="2025-09-28T08:48:39.238" >
                  <step title="Remove 809aae82-, Success, received at 09/15/2025 12:44:53" date="2025-09-28T08:48:39.694" /><!-- duration: 41ms -->
                </step><!-- duration: 544ms -->
              </step><!-- duration: 85917ms -->
            </step><!-- duration: 86471ms -->
            <step title="Cleaning up temp files" date="2025-09-28T08:48:40.123" /><!-- duration: 48ms -->
            <step title="Cleaning up temp files" date="2025-09-28T08:48:40.251" /><!-- duration: 794ms -->
            <step title="Reloading status file with latest updates" date="2025-09-28T08:48:41.320" >
              <step title="WebHooksManager.PublishEventAsync: PostDeployment" date="2025-09-28T08:48:41.437" /><!-- duration: 806ms -->
            </step><!-- duration: 993ms -->
            <step title="Cleaning up temporary deployment - fetch deployment was successful" date="2025-09-28T08:48:42.638" /><!-- duration: 39ms -->
          </step><!-- duration: 89703ms -->
        </step><!-- duration: 92648ms -->
        <step title="Outgoing response" date="2025-09-28T08:48:43.278" type="response" statusCode="200" statusText="OK" /><!-- duration: 40ms -->
      </step><!-- duration: 93065ms -->
