﻿<?xml version="1.0" encoding="utf-8"?>
<deployment>
  <id>8afd6ef9-850f-4c01-8b77-f76da77be4fd</id>
  <author>N/A</author>
  <deployer>Push-Deployer</deployer>
  <authorEmail>N/A</authorEmail>
  <message>Created via a push deployment</message>
  <progress>Updating submodules.</progress>
  <status>Pending</status>
  <statusText></statusText>
  <lastSuccessEndTime />
  <receivedTime>2025-09-16T10:28:02.2837685Z</receivedTime>
  <startTime>2025-09-16T10:28:02.2837685Z</startTime>
  <endTime />
  <complete>False</complete>
  <is_temp>False</is_temp>
  <is_readonly>True</is_readonly>
  <buildSummary />
</deployment>